COUNTRY,REGION,Positivos_PCR,Positivos_PR,Positivos_PCR_PR,Positivos_totales,Fallecidos,Total_muestras,Fecha,PositivosImputados_PCR,PositivosImputados_PR,PositivosImputados_PCR_PR,PositivosImputados_totales,Fallecidos_cdc,MuestrasImputadas_totales,Nota
PE,LIMA,1,,,1,,,6-Mar,1,,,1,,,
PE,LIMA,6,,,6,,,7-Mar,6,,,6,,,
PE,LIMA,7,,,7,,,8-Mar,7,,,7,,,
PE,LIMA,9,,,9,,,9-Mar,9,,,9,,,
PE,LIMA,11,,,11,,,10-Mar,11,,,11,,,
PE,LIMA,17,,,17,,,11-Mar,17,,,17,,,
PE,LIMA,22,,,22,,,12-Mar,22,,,22,,,
PE,AREQUIPA,2,,,2,,,13-Mar,2,,,2,,,
PE,CUSCO,1,,,1,,,13-Mar,1,,,1,,,
PE,HUANUCO,2,,,2,,,13-Mar,2,,,2,,,
PE,ICA,1,,,1,,,13-Mar,1,,,1,,,
PE,LIMA,32,,,32,,,13-Mar,32,,,32,,,
PE,AREQUIPA,2,,,2,,,14-Mar,2,,,2,,,
PE,CUSCO,1,,,1,,,14-Mar,1,,,1,,,
PE,HUANUCO,2,,,2,,,14-Mar,2,,,2,,,
PE,ICA,1,,,1,,,14-Mar,1,,,1,,,
PE,LIMA,37,,,37,,,14-Mar,37,,,37,,,
PE,ANCASH,1,,,1,,,15-Mar,1,,,1,,,
PE,AREQUIPA,2,,,2,,,15-Mar,2,,,2,,,
PE,CALLAO,2,,,2,,,15-Mar,2,,,2,,,
PE,CUSCO,1,,,1,,,15-Mar,1,,,1,,,
PE,HUANUCO,2,,,2,,,15-Mar,2,,,2,,,
PE,ICA,1,,,1,,,15-Mar,1,,,1,,,
PE,LA LIBERTAD,1,,,1,,,15-Mar,1,,,1,,,
PE,LAMBAYEQUE,1,,,1,,,15-Mar,1,,,1,,,
PE,LIMA,58,,,58,,,15-Mar,58,,,58,,,
PE,PIURA,2,,,2,,,15-Mar,2,,,2,,,
PE,ANCASH,1,,,1,,,16-Mar,1,,,1,,,
PE,AREQUIPA,2,,,2,,,16-Mar,2,,,2,,,
PE,CALLAO,3,,,3,,,16-Mar,3,,,3,,,
PE,CUSCO,1,,,1,,,16-Mar,1,,,1,,,
PE,HUANUCO,2,,,2,,,16-Mar,2,,,2,,,
PE,ICA,1,,,1,,,16-Mar,1,,,1,,,
PE,LA LIBERTAD,1,,,1,,,16-Mar,1,,,1,,,
PE,LAMBAYEQUE,3,,,3,,,16-Mar,3,,,3,,,
PE,LIMA,70,,,70,,,16-Mar,70,,,70,,,
PE,PIURA,2,,,2,,,16-Mar,2,,,2,,,
PE,ANCASH,1,,,1,,,17-Mar,1,,,1,,,
PE,AREQUIPA,2,,,2,,,17-Mar,2,,,2,,,
PE,CALLAO,4,,,4,,,17-Mar,4,,,4,,,
PE,CUSCO,1,,,1,,,17-Mar,1,,,1,,,
PE,HUANUCO,2,,,2,,,17-Mar,2,,,2,,,
PE,ICA,1,,,1,,,17-Mar,1,,,1,,,
PE,LA LIBERTAD,1,,,1,,,17-Mar,1,,,1,,,
PE,LAMBAYEQUE,6,,,6,,,17-Mar,6,,,6,,,
PE,LIMA,96,,,96,,,17-Mar,96,,,96,,,
PE,LORETO,1,,,1,,,17-Mar,1,,,1,,,
PE,PIURA,2,,,2,,,17-Mar,2,,,2,,,
PE,LIMA,111,,,111,,,18-Mar,111,,,111,,,
PE,LORETO,10,,,10,,,18-Mar,10,,,10,,,
PE,LAMBAYEQUE,6,,,6,,,18-Mar,6,,,6,,,
PE,CALLAO,5,,,5,,,18-Mar,5,,,5,,,
PE,ANCASH,2,,,2,,,18-Mar,2,,,2,,,
PE,AREQUIPA,2,,,2,,,18-Mar,2,,,2,,,
PE,HUANUCO,2,,,2,,,18-Mar,2,,,2,,,
PE,LA LIBERTAD,2,,,2,,,18-Mar,2,,,2,,,
PE,PIURA,2,,,2,,,18-Mar,2,,,2,,,
PE,CUSCO,1,,,1,,,18-Mar,1,,,1,,,
PE,ICA,1,,,1,,,18-Mar,1,,,1,,,
PE,MADRE DE DIOS,1,,,1,,,18-Mar,1,,,1,,,
PE,CALLAO,5,,,5,,,19-Mar,5,,,5,,,
PE,ICA,1,,,1,,,19-Mar,1,,,1,,,
PE,LA LIBERTAD,2,,,2,,,19-Mar,2,,,2,,,
PE,LIMA,193,,,193,,,19-Mar,193,,,193,,,
PE,MADRE DE DIOS,1,,,1,,,19-Mar,1,,,1,,,
PE,ANCASH,4,,,4,,,19-Mar,4,,,4,,,
PE,AREQUIPA,3,,,3,,,19-Mar,3,,,3,,,
PE,CUSCO,4,,,4,,,19-Mar,4,,,4,,,
PE,HUANUCO,2,,,2,,,19-Mar,2,,,2,,,
PE,LAMBAYEQUE,6,,,6,,,19-Mar,6,,,6,,,
PE,LORETO,11,,,11,,,19-Mar,11,,,11,,,
PE,PIURA,2,,,2,,,19-Mar,2,,,2,,,
PE,SAN MARTIN,1,,,1,,,19-Mar,1,,,1,,,
PE,LIMA,212,,,212,,,20-Mar,212,,,212,,,
PE,LORETO,12,,,12,,,20-Mar,12,,,12,,,
PE,JUNIN,9,,,9,,,20-Mar,9,,,9,,,
PE,LAMBAYEQUE,6,,,6,,,20-Mar,6,,,6,,,
PE,CALLAO,5,,,5,,,20-Mar,5,,,5,,,
PE,CUSCO,4,,,4,,,20-Mar,4,,,4,,,
PE,ANCASH,4,,,4,,,20-Mar,4,,,4,,,
PE,AREQUIPA,3,,,3,,,20-Mar,3,,,3,,,
PE,HUANUCO,2,,,2,,,20-Mar,2,,,2,,,
PE,LA LIBERTAD,2,,,2,,,20-Mar,2,,,2,,,
PE,PIURA,2,,,2,,,20-Mar,2,,,2,,,
PE,ICA,1,,,1,,,20-Mar,1,,,1,,,
PE,MADRE DE DIOS,1,,,1,,,20-Mar,1,,,1,,,
PE,LIMA,241,,,241,,,21-Mar,241,,,241,,,
PE,PIURA,18,,,18,,,21-Mar,18,,,18,,,
PE,LORETO,14,,,14,,,21-Mar,14,,,14,,,
PE,JUNIN,10,,,10,,,21-Mar,10,,,10,,,
PE,LAMBAYEQUE,8,,,8,,,21-Mar,8,,,8,,,
PE,CALLAO,6,,,6,,,21-Mar,6,,,6,,,
PE,LA LIBERTAD,5,,,5,,,21-Mar,5,,,5,,,
PE,CUSCO,4,,,4,,,21-Mar,4,,,4,,,
PE,ANCASH,4,,,4,,,21-Mar,4,,,4,,,
PE,AREQUIPA,4,,,4,,,21-Mar,4,,,4,,,
PE,HUANUCO,2,,,2,,,21-Mar,2,,,2,,,
PE,ICA,1,,,1,,,21-Mar,1,,,1,,,
PE,MADRE DE DIOS,1,,,1,,,21-Mar,1,,,1,,,
PE,LIMA,278,,,278,,,22-Mar,278,,,278,,,
PE,PIURA,19,,,19,,,22-Mar,19,,,19,,,
PE,LORETO,16,,,16,,,22-Mar,16,,,16,,,
PE,JUNIN,10,,,10,,,22-Mar,10,,,10,,,
PE,LAMBAYEQUE,8,,,8,,,22-Mar,8,,,8,,,
PE,CALLAO,6,,,6,,,22-Mar,6,,,6,,,
PE,LA LIBERTAD,5,,,5,,,22-Mar,5,,,5,,,
PE,CUSCO,4,,,4,,,22-Mar,4,,,4,,,
PE,ANCASH,4,,,4,,,22-Mar,4,,,4,,,
PE,AREQUIPA,7,,,7,,,22-Mar,7,,,7,,,
PE,HUANUCO,4,,,4,,,22-Mar,2,,,2,,,Se reporto 4 sin embargo no correspondería a una serie acumulativa
PE,ICA,1,,,1,,,22-Mar,1,,,1,,,
PE,MADRE DE DIOS,1,,,1,,,22-Mar,1,,,1,,,
PE,LIMA,307,,,307,,,23-Mar,307,,,307,,,
PE,PIURA,19,,,19,,,23-Mar,19,,,19,,,
PE,LORETO,16,,,16,,,23-Mar,16,,,16,,,
PE,JUNIN,10,,,10,,,23-Mar,10,,,10,,,
PE,LAMBAYEQUE,8,,,8,,,23-Mar,8,,,8,,,
PE,CALLAO,8,,,8,,,23-Mar,8,,,8,,,
PE,LA LIBERTAD,4,,,4,,,23-Mar,5,,,5,,,"Se reporto 4, no concuerda con serie acumulativa"
PE,CUSCO,6,,,6,,,23-Mar,6,,,6,,,
PE,ANCASH,4,,,4,,,23-Mar,4,,,4,,,
PE,AREQUIPA,7,,,7,,,23-Mar,7,,,7,,,
PE,HUANUCO,2,,,2,,,23-Mar,2,,,2,,,
PE,ICA,2,,,2,,,23-Mar,2,,,2,,,
PE,MADRE DE DIOS,1,,,1,,,23-Mar,1,,,1,,,
PE,SAN MARTIN,1,,,1,,,23-Mar,1,,,1,,,
PE,LIMA,322,,,322,,,24-Mar,322,,,322,,,
PE,PIURA,19,,,19,,,24-Mar,19,,,19,,,
PE,LORETO,16,,,16,,,24-Mar,16,,,16,,,
PE,JUNIN,10,,,10,,,24-Mar,10,,,10,,,
PE,LAMBAYEQUE,8,,,8,,,24-Mar,8,,,8,,,
PE,CALLAO,8,,,8,,,24-Mar,8,,,8,,,
PE,LA LIBERTAD,5,,,5,,,24-Mar,5,,,5,,,
PE,CUSCO,6,,,6,,,24-Mar,6,,,6,,,
PE,ANCASH,4,,,4,,,24-Mar,4,,,4,,,
PE,AREQUIPA,9,,,9,,,24-Mar,9,,,9,,,
PE,HUANUCO,2,,,2,,,24-Mar,2,,,2,,,
PE,ICA,2,,,2,,,24-Mar,2,,,2,,,
PE,MADRE DE DIOS,1,,,1,,,24-Mar,1,,,1,,,
PE,SAN MARTIN,1,,,1,,,24-Mar,1,,,1,,,
PE,TUMBES,3,,,3,,,24-Mar,3,,,3,,,
PE,LIMA,369,,,369,,,25-Mar,369,,,369,,,
PE,PIURA,19,,,19,,,25-Mar,19,,,19,,,
PE,LORETO,18,,,18,,,25-Mar,18,,,18,,,
PE,JUNIN,11,,,11,,,25-Mar,11,,,11,,,
PE,LAMBAYEQUE,12,,,12,,,25-Mar,12,,,12,,,
PE,CALLAO,10,,,10,,,25-Mar,10,,,10,,,
PE,LA LIBERTAD,6,,,6,,,25-Mar,6,,,6,,,
PE,CUSCO,10,,,10,,,25-Mar,10,,,10,,,
PE,ANCASH,5,,,5,,,25-Mar,5,,,5,,,
PE,AREQUIPA,10,,,10,,,25-Mar,10,,,10,,,
PE,HUANUCO,2,,,2,,,25-Mar,2,,,2,,,
PE,ICA,2,,,2,,,25-Mar,2,,,2,,,
PE,MADRE DE DIOS,1,,,1,,,25-Mar,1,,,1,,,
PE,SAN MARTIN,1,,,1,,,25-Mar,1,,,1,,,
PE,TUMBES,3,,,3,,,25-Mar,3,,,3,,,
PE,CAJAMARCA,1,,,1,,,25-Mar,1,,,1,,,
PE,LIMA,453,,,453,,,26-Mar,453,,,453,,,
PE,PIURA,20,,,20,,,26-Mar,20,,,20,,,
PE,LORETO,18,,,18,,,26-Mar,18,,,18,,,
PE,JUNIN,11,,,11,,,26-Mar,11,,,11,,,
PE,LAMBAYEQUE,12,,,12,,,26-Mar,12,,,12,,,
PE,CALLAO,15,,,15,,,26-Mar,15,,,15,,,
PE,LA LIBERTAD,9,,,9,,,26-Mar,9,,,9,,,
PE,CUSCO,10,,,10,,,26-Mar,10,,,10,,,
PE,ANCASH,6,,,6,,,26-Mar,6,,,6,,,
PE,AREQUIPA,15,,,15,,,26-Mar,15,,,15,,,
PE,HUANUCO,2,,,2,,,26-Mar,2,,,2,,,
PE,ICA,3,,,3,,,26-Mar,3,,,3,,,
PE,MADRE DE DIOS,1,,,1,,,26-Mar,1,,,1,,,
PE,SAN MARTIN,1,,,1,,,26-Mar,1,,,1,,,
PE,TUMBES,3,,,3,,,26-Mar,3,,,3,,,
PE,CAJAMARCA,1,,,1,,,26-Mar,1,,,1,,,
PE,LIMA,494,,,494,,,27-Mar,494,,,494,,,
PE,PIURA,20,,,20,,,27-Mar,20,,,20,,,
PE,LORETO,23,,,23,,,27-Mar,23,,,23,,,
PE,JUNIN,12,,,12,,,27-Mar,12,,,12,,,
PE,LAMBAYEQUE,13,,,13,,,27-Mar,13,,,13,,,
PE,CALLAO,17,,,17,,,27-Mar,17,,,17,,,
PE,LA LIBERTAD,9,,,9,,,27-Mar,9,,,9,,,
PE,CUSCO,10,,,10,,,27-Mar,10,,,10,,,
PE,ANCASH,6,,,6,,,27-Mar,6,,,6,,,
PE,AREQUIPA,15,,,15,,,27-Mar,15,,,15,,,
PE,HUANUCO,4,,,4,,,27-Mar,4,,,4,,,
PE,ICA,3,,,3,,,27-Mar,3,,,3,,,
PE,MADRE DE DIOS,1,,,1,,,27-Mar,1,,,1,,,
PE,SAN MARTIN,1,,,1,,,27-Mar,1,,,1,,,
PE,TUMBES,5,,,5,,,27-Mar,5,,,5,,,
PE,CAJAMARCA,1,,,1,,,27-Mar,1,,,1,,,
PE,PASCO,1,,,1,,,27-Mar,1,,,1,,,
PE,LIMA,518,,,518,,,28-Mar,518,,,518,,,
PE,PIURA,20,,,20,,,28-Mar,20,,,20,,,
PE,LORETO,27,,,27,,,28-Mar,27,,,27,,,
PE,JUNIN,12,,,12,,,28-Mar,12,,,12,,,
PE,LAMBAYEQUE,15,,,15,,,28-Mar,15,,,15,,,
PE,CALLAO,18,,,18,,,28-Mar,18,,,18,,,
PE,LA LIBERTAD,10,,,10,,,28-Mar,10,,,10,,,
PE,CUSCO,11,,,11,,,28-Mar,11,,,11,,,
PE,ANCASH,6,,,6,,,28-Mar,6,,,6,,,
PE,AREQUIPA,15,,,15,,,28-Mar,15,,,15,,,
PE,HUANUCO,4,,,4,,,28-Mar,4,,,4,,,
PE,ICA,4,,,4,,,28-Mar,4,,,4,,,
PE,MADRE DE DIOS,1,,,1,,,28-Mar,1,,,1,,,
PE,SAN MARTIN,2,,,2,,,28-Mar,2,,,2,,,
PE,TUMBES,6,,,6,,,28-Mar,6,,,6,,,
PE,CAJAMARCA,1,,,1,,,28-Mar,1,,,1,,,
PE,PASCO,1,,,1,,,28-Mar,1,,,1,,,
PE,LIMA,639,,,639,,,29-Mar,639,,,639,,,
PE,PIURA,21,,,21,,,29-Mar,21,,,21,,,
PE,LORETO,52,,,52,,,29-Mar,52,,,52,,,
PE,JUNIN,13,,,13,,,29-Mar,13,,,13,,,
PE,LAMBAYEQUE,22,,,22,,,29-Mar,22,,,22,,,
PE,CALLAO,29,,,29,,,29-Mar,18,,,18,,,"Se registró 29, no corresponde a una serie acumulativa"
PE,LA LIBERTAD,13,,,13,,,29-Mar,13,,,13,,,
PE,CUSCO,17,,,17,,,29-Mar,17,,,17,,,
PE,ANCASH,6,,,6,,,29-Mar,6,,,6,,,
PE,AREQUIPA,15,,,15,,,29-Mar,15,,,15,,,
PE,HUANUCO,4,,,4,,,29-Mar,4,,,4,,,
PE,ICA,5,,,5,,,29-Mar,5,,,5,,,
PE,MADRE DE DIOS,1,,,1,,,29-Mar,1,,,1,,,
PE,SAN MARTIN,3,,,3,,,29-Mar,3,,,3,,,
PE,TUMBES,8,,,8,,,29-Mar,8,,,8,,,
PE,CAJAMARCA,1,,,1,,,29-Mar,1,,,1,,,
PE,PASCO,1,,,1,,,29-Mar,1,,,1,,,
PE,TACNA,1,,,1,,,29-Mar,1,,,1,,,
PE,AYACUCHO,1,,,1,,,29-Mar,1,,,1,,,
PE,LIMA,718,,,718,,,30-Mar,718,,,718,,,
PE,PIURA,21,,,21,,,30-Mar,21,,,21,,,
PE,LORETO,53,,,53,,,30-Mar,53,,,53,,,
PE,JUNIN,13,,,13,,,30-Mar,13,,,13,,,
PE,LAMBAYEQUE,22,,,22,,,30-Mar,22,,,22,,,
PE,CALLAO,24,,,24,,,30-Mar,24,,,24,,,
PE,LA LIBERTAD,15,,,15,,,30-Mar,15,,,15,,,
PE,CUSCO,25,,,25,,,30-Mar,25,,,25,,,
PE,ANCASH,11,,,11,,,30-Mar,11,,,11,,,
PE,AREQUIPA,21,,,21,,,30-Mar,21,,,21,,,
PE,HUANUCO,4,,,4,,,30-Mar,4,,,4,,,
PE,ICA,5,,,5,,,30-Mar,5,,,5,,,
PE,MADRE DE DIOS,1,,,1,,,30-Mar,1,,,1,,,
PE,SAN MARTIN,5,,,5,,,30-Mar,5,,,5,,,
PE,TUMBES,8,,,8,,,30-Mar,8,,,8,,,
PE,CAJAMARCA,1,,,1,,,30-Mar,1,,,1,,,
PE,PASCO,1,,,1,,,30-Mar,1,,,1,,,
PE,TACNA,1,,,1,,,30-Mar,1,,,1,,,
PE,AYACUCHO,1,,,1,,,30-Mar,1,,,1,,,
PE,LIMA,799,,,799,,,31-Mar,799,,,799,,,
PE,PIURA,21,,,21,,,31-Mar,21,,,21,,,
PE,LORETO,58,,,58,,,31-Mar,58,,,58,,,
PE,JUNIN,17,,,17,,,31-Mar,17,,,17,,,
PE,LAMBAYEQUE,30,,,30,,,31-Mar,30,,,30,,,
PE,CALLAO,25,,,25,,,31-Mar,25,,,25,,,
PE,LA LIBERTAD,19,,,19,,,31-Mar,19,,,19,,,
PE,CUSCO,26,,,26,,,31-Mar,26,,,26,,,
PE,ANCASH,11,,,11,,,31-Mar,11,,,11,,,
PE,AREQUIPA,26,,,26,,,31-Mar,26,,,26,,,
PE,HUANUCO,6,,,6,,,31-Mar,6,,,6,,,
PE,ICA,5,,,5,,,31-Mar,5,,,5,,,
PE,MADRE DE DIOS,1,,,1,,,31-Mar,1,,,1,,,
PE,SAN MARTIN,6,,,6,,,31-Mar,6,,,6,,,
PE,TUMBES,10,,,10,,,31-Mar,10,,,10,,,
PE,CAJAMARCA,1,,,1,,,31-Mar,1,,,1,,,
PE,PASCO,1,,,1,,,31-Mar,1,,,1,,,
PE,TACNA,2,,,2,,,31-Mar,2,,,2,,,
PE,AYACUCHO,1,,,1,,,31-Mar,1,,,1,,,
PE,LIMA,990,,,990,,,1-Apr,990,,,990,,,
PE,PIURA,26,,,26,,,1-Apr,26,,,26,,,
PE,LORETO,66,,,66,,,1-Apr,66,,,66,,,
PE,JUNIN,17,,,17,,,1-Apr,17,,,17,,,
PE,LAMBAYEQUE,34,,,34,,,1-Apr,34,,,34,,,
PE,CALLAO,37,,,37,,,1-Apr,37,,,37,,,
PE,LA LIBERTAD,32,,,32,,,1-Apr,32,,,32,,,
PE,CUSCO,34,,,34,,,1-Apr,34,,,34,,,
PE,ANCASH,15,,,15,,,1-Apr,15,,,15,,,
PE,AREQUIPA,30,,,30,,,1-Apr,30,,,30,,,
PE,HUANUCO,6,,,6,,,1-Apr,6,,,6,,,
PE,ICA,8,,,8,,,1-Apr,8,,,8,,,
PE,MADRE DE DIOS,1,,,1,,,1-Apr,1,,,1,,,
PE,SAN MARTIN,6,,,6,,,1-Apr,6,,,6,,,
PE,TUMBES,13,,,13,,,1-Apr,13,,,13,,,
PE,CAJAMARCA,2,,,2,,,1-Apr,2,,,2,,,
PE,PASCO,1,,,1,,,1-Apr,1,,,1,,,
PE,TACNA,3,,,3,,,1-Apr,3,,,3,,,
PE,AYACUCHO,1,,,1,,,1-Apr,1,,,1,,,
PE,HUANCAVELICA,1,,,1,,,1-Apr,1,,,1,,,
PE,LIMA,1059,,,"1,059",,,2-Apr,1059,,,1059,,,
PE,PIURA,27,,,27,,,2-Apr,27,,,27,,,
PE,LORETO,72,,,72,,,2-Apr,72,,,72,,,
PE,JUNIN,17,,,17,,,2-Apr,17,,,17,,,
PE,LAMBAYEQUE,37,,,37,,,2-Apr,34,,,34,,,"Se registró 37, no corresponde a una serie acumulativa"
PE,CALLAO,40,,,40,,,2-Apr,40,,,40,,,
PE,LA LIBERTAD,34,,,34,,,2-Apr,34,,,34,,,
PE,CUSCO,38,,,38,,,2-Apr,38,,,38,,,
PE,ANCASH,15,,,15,,,2-Apr,15,,,15,,,
PE,AREQUIPA,30,,,30,,,2-Apr,30,,,30,,,
PE,HUANUCO,6,,,6,,,2-Apr,6,,,6,,,
PE,ICA,8,,,8,,,2-Apr,8,,,8,,,
PE,MADRE DE DIOS,1,,,1,,,2-Apr,1,,,1,,,
PE,SAN MARTIN,6,,,6,,,2-Apr,6,,,6,,,
PE,TUMBES,15,,,15,,,2-Apr,15,,,15,,,
PE,CAJAMARCA,3,,,3,,,2-Apr,3,,,3,,,
PE,PASCO,1,,,1,,,2-Apr,1,,,1,,,
PE,TACNA,3,,,3,,,2-Apr,3,,,3,,,
PE,AYACUCHO,1,,,1,,,2-Apr,1,,,1,,,
PE,HUANCAVELICA,1,,,1,,,2-Apr,1,,,1,,,
PE,LIMA,1179,,,"1,179",,,3-Apr,1179,,,1179,,,
PE,ANCASH,18,,,18,,,3-Apr,18,,,18,,,
PE,AREQUIPA,37,,,37,,,3-Apr,37,,,37,,,
PE,AYACUCHO,1,,,1,,,3-Apr,1,,,1,,,
PE,CAJAMARCA,4,,,4,,,3-Apr,4,,,4,,,
PE,CALLAO,59,,,59,,,3-Apr,59,,,59,,,
PE,CUSCO,44,,,44,,,3-Apr,44,,,44,,,
PE,HUANCAVELICA,1,,,1,,,3-Apr,1,,,1,,,
PE,HUANUCO,6,,,6,,,3-Apr,6,,,6,,,
PE,ICA,8,,,8,,,3-Apr,8,,,8,,,
PE,JUNIN,19,,,19,,,3-Apr,19,,,19,,,
PE,LA LIBERTAD,44,,,44,,,3-Apr,44,,,44,,,
PE,LAMBAYEQUE,35,,,35,,,3-Apr,35,,,35,,,
PE,LORETO,84,,,84,,,3-Apr,84,,,84,,,
PE,MADRE DE DIOS,2,,,2,,,3-Apr,2,,,2,,,
PE,PASCO,1,,,1,,,3-Apr,1,,,1,,,
PE,PIURA,27,,,27,,,3-Apr,27,,,27,,,
PE,SAN MARTIN,6,,,6,,,3-Apr,6,,,6,,,
PE,TACNA,3,,,3,,,3-Apr,3,,,3,,,
PE,TUMBES,16,,,16,,,3-Apr,16,,,16,,,
PE,APURIMAC,1,,,1,,,3-Apr,1,,,1,,,
PE,LIMA,1257,,,"1,257",,,4-Apr,1257,,,1257,,,
PE,ANCASH,18,,,18,,,4-Apr,18,,,18,,,
PE,AREQUIPA,37,,,37,,,4-Apr,37,,,37,,,
PE,AYACUCHO,1,,,1,,,4-Apr,1,,,1,,,
PE,CAJAMARCA,6,,,6,,,4-Apr,6,,,6,,,
PE,CALLAO,64,,,64,5,,4-Apr,64,,,64,,,https://www.facebook.com/prensachalaca/photos/a.122306151293617/1312414592282761/?type=1&theater
PE,CUSCO,48,,,48,,,4-Apr,48,,,48,,,
PE,HUANCAVELICA,1,,,1,,,4-Apr,1,,,1,,,
PE,HUANUCO,6,,,6,,,4-Apr,6,,,6,,,
PE,ICA,9,,,9,,,4-Apr,9,,,9,,,
PE,JUNIN,25,,,25,,,4-Apr,25,,,25,,,
PE,LA LIBERTAD,50,,,50,,,4-Apr,50,,,50,,,
PE,LAMBAYEQUE,55,,,55,,,4-Apr,55,,,55,,,
PE,LORETO,106,,,106,,,4-Apr,106,,,106,,,
PE,MADRE DE DIOS,2,,,2,,,4-Apr,2,,,2,,,
PE,PASCO,2,,,2,,,4-Apr,2,,,2,,,
PE,PIURA,27,,,27,,,4-Apr,27,,,27,,,
PE,SAN MARTIN,8,,,8,,,4-Apr,8,,,8,,,
PE,TACNA,3,,,3,,,4-Apr,3,,,3,,,
PE,TUMBES,20,,,20,,,4-Apr,20,,,20,,,
PE,APURIMAC,1,,,1,,,4-Apr,1,,,1,,,
PE,LIMA,1639,,,"1,639",51,,5-Apr,1639,,,1639,,,
PE,ANCASH,23,,,23,1,,5-Apr,23,,,23,,,
PE,AREQUIPA,51,,,51,3,,5-Apr,51,,,51,,,
PE,AYACUCHO,3,,,3,0,,5-Apr,3,,,3,,,
PE,CAJAMARCA,6,,,6,0,,5-Apr,6,,,6,,,
PE,CALLAO,89,,,89,8,,5-Apr,89,,,89,,,
PE,CUSCO,52,,,52,3,,5-Apr,52,,,52,,,
PE,HUANCAVELICA,1,,,1,1,,5-Apr,1,,,1,,,
PE,HUANUCO,6,,,6,0,,5-Apr,6,,,6,,,
PE,ICA,14,,,14,1,,5-Apr,14,,,14,,,
PE,JUNIN,25,,,25,1,,5-Apr,25,,,25,,,
PE,LA LIBERTAD,50,,,50,4,,5-Apr,50,,,50,,,
PE,LAMBAYEQUE,100,,,100,3,,5-Apr,100,,,100,,,
PE,LORETO,143,,,143,2,,5-Apr,143,,,143,,,
PE,MADRE DE DIOS,2,,,2,0,,5-Apr,2,,,2,,,
PE,PASCO,3,,,3,0,,5-Apr,3,,,3,,,
PE,PIURA,29,,,29,1,,5-Apr,29,,,29,,,
PE,SAN MARTIN,8,,,8,1,,5-Apr,8,,,8,,,
PE,TACNA,9,,,9,0,,5-Apr,9,,,9,,,
PE,TUMBES,26,,,26,3,,5-Apr,26,,,26,,,
PE,APURIMAC,1,,,1,0,,5-Apr,1,,,1,,,
PE,MOQUEGUA,1,,,1,0,,5-Apr,1,,,1,,,
PE,LIMA,1837,,,"1,837",58,,6-Apr,1837,,,1837,,,
PE,ANCASH,27,,,27,1,,6-Apr,27,,,27,,,
PE,AREQUIPA,60,,,60,4,,6-Apr,60,,,60,,,
PE,AYACUCHO,5,,,5,0,,6-Apr,5,,,5,,,
PE,CAJAMARCA,6,,,6,0,,6-Apr,6,,,6,,,
PE,CALLAO,109,,,109,8,,6-Apr,109,,,109,,,
PE,CUSCO,54,,,54,3,,6-Apr,54,,,54,,,
PE,HUANCAVELICA,2,,,2,1,,6-Apr,2,,,2,,,
PE,HUANUCO,6,,,6,0,,6-Apr,6,,,6,,,
PE,ICA,18,,,18,1,,6-Apr,18,,,18,,,
PE,JUNIN,28,,,28,1,,6-Apr,28,,,28,,,
PE,LA LIBERTAD,56,,,56,5,,6-Apr,56,,,56,,,
PE,LAMBAYEQUE,100,,,100,3,,6-Apr,100,,,100,,,
PE,LORETO,171,,,171,2,,6-Apr,171,,,171,,,
PE,MADRE DE DIOS,2,,,2,0,,6-Apr,2,,,2,,,
PE,PASCO,5,,,5,0,,6-Apr,5,,,5,,,
PE,PIURA,30,,,30,1,,6-Apr,30,,,30,,,
PE,SAN MARTIN,8,,,8,1,,6-Apr,8,,,8,,,
PE,TACNA,9,,,9,0,,6-Apr,9,,,9,,,
PE,TUMBES,26,,,26,3,,6-Apr,26,,,26,,,
PE,APURIMAC,1,,,1,0,,6-Apr,1,,,1,,,
PE,MOQUEGUA,1,,,1,0,,6-Apr,1,,,1,,,
PE,LIMA,2100,,,"2,100",65,,7-Apr,2100,,,2100,65,,
PE,ANCASH,36,,,36,1,,7-Apr,36,,,36,1,,
PE,AREQUIPA,66,,,66,4,,7-Apr,66,,,66,4,,
PE,AYACUCHO,5,,,5,0,,7-Apr,5,,,5,0,,
PE,CAJAMARCA,6,,,6,0,,7-Apr,6,,,6,0,,
PE,CALLAO,161,,,161,10,,7-Apr,161,,,161,10,,
PE,CUSCO,54,,,54,3,,7-Apr,54,,,54,3,,
PE,HUANCAVELICA,7,,,7,1,,7-Apr,7,,,7,1,,
PE,HUANUCO,6,,,6,0,,7-Apr,6,,,6,0,,
PE,ICA,24,,,24,2,,7-Apr,24,,,24,2,,
PE,JUNIN,28,,,28,1,,7-Apr,28,,,28,1,,
PE,LA LIBERTAD,58,,,58,5,,7-Apr,58,,,58,5,,
PE,LAMBAYEQUE,108,,,108,4,,7-Apr,108,,,108,4,,
PE,LORETO,206,,,206,3,,7-Apr,206,,,206,3,,
PE,MADRE DE DIOS,2,,,2,0,,7-Apr,2,,,2,0,,
PE,PASCO,5,,,5,0,,7-Apr,5,,,5,0,,
PE,PIURA,35,,,35,3,,7-Apr,35,,,35,3,,
PE,SAN MARTIN,8,,,8,1,,7-Apr,8,,,8,1,,
PE,TACNA,9,,,9,0,,7-Apr,9,,,9,0,,
PE,TUMBES,27,,,27,4,,7-Apr,27,,,27,4,,
PE,APURIMAC,1,,,1,0,,7-Apr,1,,,1,0,,
PE,MOQUEGUA,1,,,1,0,,7-Apr,1,,,1,0,,
PE,PUNO,1,,,1,0,,7-Apr,1,,,1,0,,
PE,LIMA,2481,535,,"3,016",72,,8-Apr,2481,535,,3016,72,,
PE,ANCASH,48,2,,50,3,,8-Apr,48,2,,50,3,,
PE,AREQUIPA,67,7,,74,4,,8-Apr,67,7,,74,4,,
PE,AYACUCHO,5,0,,5,0,,8-Apr,5,0,,5,0,,
PE,CAJAMARCA,8,2,,10,0,,8-Apr,8,2,,10,0,,
PE,CALLAO,165,155,,320,13,,8-Apr,165,155,,320,13,,
PE,CUSCO,54,0,,54,3,,8-Apr,54,0,,54,3,,
PE,HUANCAVELICA,7,0,,7,1,,8-Apr,7,0,,7,1,,
PE,HUANUCO,7,0,,7,0,,8-Apr,7,0,,7,0,,
PE,ICA,28,0,,28,2,,8-Apr,28,0,,28,2,,
PE,JUNIN,41,1,,42,1,,8-Apr,41,1,,42,1,,
PE,LA LIBERTAD,72,10,,82,5,,8-Apr,72,10,,82,5,,
PE,LAMBAYEQUE,243,3,,246,5,,8-Apr,243,3,,246,5,,
PE,LORETO,289,1,,290,4,,8-Apr,289,1,,290,4,,
PE,MADRE DE DIOS,2,0,,2,0,,8-Apr,2,0,,2,0,,
PE,PASCO,5,0,,5,0,,8-Apr,5,0,,5,0,,
PE,PIURA,40,1,,41,3,,8-Apr,40,1,,41,3,,
PE,SAN MARTIN,11,0,,11,1,,8-Apr,11,0,,11,1,,
PE,TACNA,9,0,,9,0,,8-Apr,9,0,,9,0,,
PE,TUMBES,27,0,,27,4,,8-Apr,27,0,,27,4,,
PE,APURIMAC,1,0,,1,0,,8-Apr,1,0,,1,0,,
PE,MOQUEGUA,1,2,,3,0,,8-Apr,1,2,,3,0,,
PE,PUNO,1,0,,1,0,,8-Apr,1,0,,1,0,,
PE,AMAZONAS,2,9,,11,0,,8-Apr,2,9,,11,0,,
PE,LIMA,2822,882,,"3,704",82,,9-Apr,2822,882,,3704,82,,
PE,ANCASH,54,3,,57,4,,9-Apr,54,3,,57,4,,
PE,AREQUIPA,69,8,,77,4,,9-Apr,69,8,,77,4,,
PE,AYACUCHO,7,0,,7,0,,9-Apr,7,0,,7,0,,
PE,CAJAMARCA,8,3,,11,0,,9-Apr,8,3,,11,0,,
PE,CALLAO,212,201,,413,16,,9-Apr,212,201,,413,16,,
PE,CUSCO,55,0,,55,3,,9-Apr,55,0,,55,3,,
PE,HUANCAVELICA,7,0,,7,1,,9-Apr,7,0,,7,1,,
PE,HUANUCO,7,2,,9,0,,9-Apr,7,2,,9,0,,
PE,ICA,34,0,,34,2,,9-Apr,34,0,,34,2,,
PE,JUNIN,41,1,,42,1,,9-Apr,41,1,,42,1,,
PE,LA LIBERTAD,83,13,,96,6,,9-Apr,83,13,,96,6,,
PE,LAMBAYEQUE,294,8,,302,6,,9-Apr,294,8,,302,6,,
PE,LORETO,314,1,,315,5,,9-Apr,314,1,,315,5,,
PE,MADRE DE DIOS,3,0,,3,0,,9-Apr,3,0,,3,0,,
PE,PASCO,5,0,,5,0,,9-Apr,5,0,,5,0,,
PE,PIURA,50,3,,53,3,,9-Apr,50,3,,53,3,,
PE,SAN MARTIN,15,0,,15,1,,9-Apr,15,0,,15,1,,
PE,TACNA,9,0,,9,0,,9-Apr,9,0,,9,0,,
PE,TUMBES,27,0,,27,4,,9-Apr,27,0,,27,4,,
PE,APURIMAC,1,0,,1,0,,9-Apr,1,0,,1,0,,
PE,MOQUEGUA,1,2,,3,0,,9-Apr,1,2,,3,0,,
PE,PUNO,1,0,,1,0,,9-Apr,1,0,,1,0,,
PE,AMAZONAS,2,8,,10,0,,9-Apr,2,9,,11,0,,*Reporta 8 para PR pero no corresponde a una serie acumulativa
PE,LIMA,3148,1062,,"4,210",87,,10-Apr,3148,1062,,4210,,,
PE,ANCASH,61,6,,67,4,,10-Apr,61,6,,67,,,
PE,AREQUIPA,75,8,,83,4,,10-Apr,75,8,,83,,,
PE,AYACUCHO,9,0,,9,0,,10-Apr,9,0,,9,,,
PE,CAJAMARCA,8,3,,11,0,,10-Apr,8,3,,11,,,
PE,CALLAO,250,215,,465,16,,10-Apr,250,215,,465,,,
PE,CUSCO,57,0,,57,3,,10-Apr,57,0,,57,,,
PE,HUANCAVELICA,7,0,,7,1,,10-Apr,7,0,,7,,,
PE,HUANUCO,7,2,,9,0,,10-Apr,7,2,,9,,,
PE,ICA,37,0,,37,2,,10-Apr,37,0,,37,,,
PE,JUNIN,55,1,,56,1,,10-Apr,55,1,,56,,,
PE,LA LIBERTAD,87,14,,101,6,,10-Apr,87,14,,101,,,
PE,LAMBAYEQUE,294,8,,302,32,,10-Apr,294,8,,302,,,
PE,LORETO,314,1,,315,5,,10-Apr,314,1,,315,,,
PE,MADRE DE DIOS,3,0,,3,0,,10-Apr,3,0,,3,,,
PE,PASCO,8,0,,8,0,,10-Apr,8,0,,8,,,
PE,PIURA,64,4,,68,3,,10-Apr,64,4,,68,,,
PE,SAN MARTIN,18,0,,18,1,,10-Apr,18,0,,18,,,
PE,TACNA,9,0,,9,0,,10-Apr,9,0,,9,,,
PE,TUMBES,27,0,,27,4,,10-Apr,27,0,,27,,,
PE,APURIMAC,2,1,,3,0,,10-Apr,2,1,,3,,,
PE,MOQUEGUA,1,2,,3,0,,10-Apr,1,2,,3,,,
PE,PUNO,1,0,,1,0,,10-Apr,1,0,,1,,,
PE,AMAZONAS,7,9,,16,0,,10-Apr,4,9,,13,,,
PE,UCAYALI,0,12,,12,0,,10-Apr,0,12,,12,,,
PE,LIMA,3688,1245,,"4,933",94,,11-Apr,3688,1245,,4933,,,
PE,ANCASH,73,15,,88,5,,11-Apr,73,14,,87,,,*Se reportó 15 y lo reemplazamos por 14
PE,AREQUIPA,75,10,,85,4,,11-Apr,75,10,,85,,,
PE,AYACUCHO,11,2,,13,0,,11-Apr,9,2,,11,,,"* Se registrarón 2 casos que no correspondían a la zona, según DIRESA Ayacucho"
PE,CAJAMARCA,8,3,,11,0,,11-Apr,8,3,,11,,,
PE,CALLAO,319,222,,541,16,,11-Apr,319,222,,541,,,
PE,CUSCO,57,1,,58,3,,11-Apr,57,1,,58,,,
PE,HUANCAVELICA,7,0,,7,1,,11-Apr,7,0,,7,,,
PE,HUANUCO,7,2,,9,0,,11-Apr,7,2,,9,,,
PE,ICA,47,0,,47,2,,11-Apr,47,0,,47,,,
PE,JUNIN,56,2,,58,1,,11-Apr,56,2,,58,,,
PE,LA LIBERTAD,90,18,,108,6,,11-Apr,90,18,,108,,,
PE,LAMBAYEQUE,316,10,,326,33,,11-Apr,316,10,,326,,,
PE,LORETO,314,1,,315,6,,11-Apr,314,1,,315,,,
PE,MADRE DE DIOS,3,1,,4,0,,11-Apr,3,1,,3,,,* Se cambió el total de imputados por duplicidad de datos
PE,PASCO,9,0,,9,0,,11-Apr,9,0,,9,,,
PE,PIURA,86,5,,91,5,,11-Apr,86,5,,91,,,
PE,SAN MARTIN,20,0,,20,1,,11-Apr,20,0,,20,,,
PE,TACNA,9,0,,9,0,,11-Apr,9,0,,9,,,
PE,TUMBES,54,14,,68,4,,11-Apr,54,14,,68,,,
PE,APURIMAC,2,1,,3,0,,11-Apr,2,1,,3,,,
PE,MOQUEGUA,1,7,,8,0,,11-Apr,1,7,,8,,,
PE,PUNO,1,0,,1,0,,11-Apr,1,0,,1,,,
PE,AMAZONAS,7,15,,22,0,,11-Apr,4,15,,19,,,*DIRESA Amazonas reportó que el MINSA había anunciado 3 casos de más
PE,UCAYALI,1,13,,14,0,,11-Apr,1,13,,14,,,
PE,LIMA,3921,1379,156,"5,456",100,,12-Apr,3921,1379,156,5456,,,
PE,ANCASH,81,14,7,102,5,,12-Apr,81,14,7,102,,,"* se registró 14 para PR, probablemente por corregir la duplicidad de muestras"
PE,AREQUIPA,75,10,1,86,4,,12-Apr,75,10,1,86,,,
PE,AYACUCHO,7,2,2,11,0,,12-Apr,7,2,2,11,,,*Se registró 7 para PCR probablemente por la correción de duplicidad de datos
PE,CAJAMARCA,7,2,2,11,0,,12-Apr,7,2,2,11,,,"*Se registró 7 para PCR y 2 para PR, probablemente por corregir la duplicidad de datos"
PE,CALLAO,346,245,5,596,20,,12-Apr,346,245,5,596,,,
PE,CUSCO,58,1,0,59,3,,12-Apr,58,1,0,59,,,
PE,HUANCAVELICA,9,0,0,9,1,,12-Apr,9,0,0,9,,,
PE,HUANUCO,7,3,0,10,0,,12-Apr,7,3,0,10,,,
PE,ICA,56,2,0,58,2,,12-Apr,56,2,0,58,,,
PE,JUNIN,62,2,0,64,1,,12-Apr,62,2,0,64,,,
PE,LA LIBERTAD,90,20,0,110,6,,12-Apr,90,20,0,110,,,
PE,LAMBAYEQUE,344,8,3,355,32,,12-Apr,344,8,3,355,,,"*Se registró 8 para PR, probablemente por la correción de la duplicidad de datos"
PE,LORETO,319,3,0,322,7,,12-Apr,319,3,0,322,,,
PE,MADRE DE DIOS,2,0,1,3,0,,12-Apr,2,0,1,3,,,"*Se registró 2 para PCR, 0 para PR, probablemente por corregir la duplicidad de datos"
PE,PASCO,11,0,0,11,0,,12-Apr,11,0,0,11,,,
PE,PIURA,89,14,1,104,7,,12-Apr,89,14,1,104,,,
PE,SAN MARTIN,22,1,0,23,1,,12-Apr,22,1,0,23,,,
PE,TACNA,9,0,0,9,0,,12-Apr,9,0,0,9,,,
PE,TUMBES,55,11,3,69,4,,12-Apr,55,11,3,69,,,"*Se registró 11 para PR, probablemente por corregir la duplicidad de datos"
PE,APURIMAC,4,1,0,5,0,,12-Apr,4,1,0,5,,,
PE,MOQUEGUA,2,8,0,10,0,,12-Apr,2,8,0,10,,,
PE,PUNO,2,0,0,2,0,,12-Apr,2,0,0,2,,,
PE,AMAZONAS,4,12,3,19,0,,12-Apr,4,12,3,19,,,"* Se reportó 4 para PCR, 12 para PR, probablemente por la correción de duplicidad de datos"
PE,UCAYALI,1,14,0,15,0,,12-Apr,1,14,0,15,,,
PE,LIMA,,,,"7,458",,,13-Apr,,,,7458,,,
PE,ANCASH,,,,110,,,13-Apr,,,,110,,,
PE,AREQUIPA,,,,98,,,13-Apr,,,,98,,,
PE,AYACUCHO,,,,11,,,13-Apr,,,,11,,,
PE,CAJAMARCA,,,,11,,,13-Apr,,,,11,,,
PE,CALLAO,,,,733,,,13-Apr,,,,733,,,
PE,CUSCO,,,,59,,,13-Apr,,,,59,,,
PE,HUANCAVELICA,,,,10,,,13-Apr,,,,10,,,
PE,HUANUCO,,,,15,,,13-Apr,,,,15,,,
PE,ICA,,,,58,,,13-Apr,,,,58,,,
PE,JUNIN,,,,68,,,13-Apr,,,,68,,,
PE,LA LIBERTAD,,,,115,,,13-Apr,,,,115,,,
PE,LAMBAYEQUE,,,,392,,,13-Apr,,,,392,,,
PE,LORETO,,,,340,,,13-Apr,,,,340,,,
PE,MADRE DE DIOS,,,,10,,,13-Apr,,,,10,,,
PE,PASCO,,,,11,,,13-Apr,,,,11,,,
PE,PIURA,,,,120,,,13-Apr,,,,120,,,
PE,SAN MARTIN,,,,23,,,13-Apr,,,,23,,,
PE,TACNA,,,,9,,,13-Apr,,,,9,,,
PE,TUMBES,,,,72,,,13-Apr,,,,69,,,*Se corrigió este dato por duplicidad de datos 
PE,APURIMAC,,,,5,,,13-Apr,,,,5,,,
PE,MOQUEGUA,,,,12,,,13-Apr,,,,12,,,
PE,PUNO,,,,2,,,13-Apr,,,,2,,,
PE,AMAZONAS,,,,25,,,13-Apr,,,,23,,,
PE,UCAYALI,,,,17,,,13-Apr,,,,17,,,
PE,LIMA,4465,2813,198,"7,476",114,,14-Apr,4465,2813,198,7476,,,
PE,ANCASH,85,31,8,124,5,,14-Apr,85,31,8,124,,,
PE,AREQUIPA,88,10,1,99,5,,14-Apr,88,10,1,98,,,*Se ajustó este dato con respecto al 15 de abril
PE,AYACUCHO,7,5,3,15,0,,14-Apr,7,5,3,15,,,
PE,CAJAMARCA,6,10,3,19,0,,14-Apr,6,10,3,19,,,"*Se registró 6, no corresponde a serie acumulativa"
PE,CALLAO,393,509,6,908,20,,14-Apr,393,509,6,908,,,
PE,CUSCO,59,47,0,106,3,,14-Apr,59,47,0,106,,,
PE,HUANCAVELICA,10,0,0,10,1,,14-Apr,10,0,0,10,,,
PE,HUANUCO,7,8,0,15,0,,14-Apr,7,8,0,15,,,
PE,ICA,72,4,0,76,2,,14-Apr,72,4,0,76,,,
PE,JUNIN,66,2,0,68,1,,14-Apr,66,2,0,68,,,
PE,LA LIBERTAD,96,70,0,166,7,,14-Apr,96,70,0,166,,,
PE,LAMBAYEQUE,377,47,3,427,44,,14-Apr,377,47,3,427,,,
PE,LORETO,354,3,0,357,9,,14-Apr,354,3,0,357,,,
PE,MADRE DE DIOS,2,16,1,19,0,,14-Apr,2,16,1,19,,,*Se registró 2 para PCR
PE,PASCO,11,0,0,11,0,,14-Apr,11,0,0,11,,,
PE,PIURA,92,131,1,224,14,,14-Apr,92,131,1,224,,,
PE,SAN MARTIN,22,1,0,23,1,,14-Apr,22,1,0,23,,,
PE,TACNA,9,0,0,9,0,,14-Apr,9,0,0,9,,,
PE,TUMBES,55,11,3,69,4,,14-Apr,55,11,3,69,,,*Se registró 11 para PR
PE,APURIMAC,4,6,0,10,0,,14-Apr,4,6,0,10,,,
PE,MOQUEGUA,3,10,0,13,0,,14-Apr,3,10,0,13,,,
PE,PUNO,2,0,0,2,0,,14-Apr,2,0,0,2,,,
PE,AMAZONAS,10,11,4,25,0,,14-Apr,10,11,4,23,,,*Se reportó 11 PR
PE,UCAYALI,1,31,0,32,0,,14-Apr,1,31,0,32,,,
PE,LIMA,4826,3586,,"8,412",117,,15-Apr,4826,3586,,8412,,,
PE,ANCASH,101,43,,144,5,,15-Apr,101,43,,144,,,
PE,AREQUIPA,88,10,,98,5,,15-Apr,88,10,,98,,,"* Se registró 98 para el positivos imputados totales, pero no correpsonde a una serie acumulativa"
PE,AYACUCHO,10,12,,22,0,,15-Apr,10,12,,22,,,
PE,CAJAMARCA,9,11,,20,1,,15-Apr,9,11,,20,,,
PE,CALLAO,430,509,,939,24,,15-Apr,430,509,,939,,,
PE,CUSCO,60,48,,108,3,,15-Apr,60,48,,108,,,
PE,HUANCAVELICA,11,0,,11,1,,15-Apr,11,0,,11,,,
PE,HUANUCO,7,32,,39,0,,15-Apr,7,32,,39,,,
PE,ICA,78,23,,101,2,,15-Apr,78,23,,101,,,
PE,JUNIN,77,2,,79,1,,15-Apr,77,2,,79,,,
PE,LA LIBERTAD,114,70,,184,7,,15-Apr,114,70,,184,,,
PE,LAMBAYEQUE,381,47,,428,53,,15-Apr,381,47,,428,,,
PE,LORETO,376,20,,396,10,,15-Apr,376,20,,396,,,
PE,MADRE DE DIOS,3,16,,19,0,,15-Apr,3,16,,19,,,
PE,PASCO,11,0,,11,0,,15-Apr,11,0,,11,,,
PE,PIURA,98,131,,229,14,,15-Apr,98,131,,229,,,
PE,SAN MARTIN,28,20,,48,1,,15-Apr,28,19,,47,,,*Se ajustó el dato a la fecha del 16/04
PE,TACNA,9,1,,10,0,,15-Apr,9,1,,10,,,
PE,TUMBES,71,11,,82,10,,15-Apr,71,11,,82,,,
PE,APURIMAC,9,11,,20,0,,15-Apr,9,11,,20,,,
PE,MOQUEGUA,3,13,,16,0,,15-Apr,3,13,,16,,,
PE,PUNO,2,0,,2,0,,15-Apr,2,0,,2,,,
PE,AMAZONAS,17,8,,25,0,,15-Apr,17,6,,23,,,*Se ajustó el dato a la fecha del 16/04
PE,UCAYALI,1,31,,32,0,,15-Apr,1,31,,32,,,
PE,LIMA,5050,4057,,"9,107",129,,16-Apr,5050,4057,,9107,,,
PE,ANCASH,114,57,,171,5,,16-Apr,114,57,,171,,,
PE,AREQUIPA,100,11,,111,5,,16-Apr,100,11,,111,,,
PE,AYACUCHO,10,13,,23,0,,16-Apr,10,13,,23,,,
PE,CAJAMARCA,9,13,,22,1,,16-Apr,9,13,,22,,,
PE,CALLAO,454,554,,"1,008",27,,16-Apr,454,554,,1008,,,
PE,CUSCO,60,49,,109,3,,16-Apr,60,49,,109,,,
PE,HUANCAVELICA,11,0,,11,1,,16-Apr,11,0,,11,,,
PE,HUANUCO,7,35,,42,0,,16-Apr,7,35,,42,,,
PE,ICA,81,25,,106,2,,16-Apr,81,25,,106,,,
PE,JUNIN,77,2,,79,1,,16-Apr,77,2,,79,,,
PE,LA LIBERTAD,123,70,,193,9,,16-Apr,123,70,,193,,,
PE,LAMBAYEQUE,522,49,,571,54,,16-Apr,522,49,,571,,,
PE,LORETO,388,24,,412,10,,16-Apr,388,24,,412,,,
PE,MADRE DE DIOS,3,16,,19,0,,16-Apr,3,16,,19,,,
PE,PASCO,11,0,,11,0,,16-Apr,11,0,,11,,,
PE,PIURA,100,133,,233,14,,16-Apr,100,133,,233,,,
PE,SAN MARTIN,28,19,,47,1,,16-Apr,28,19,,47,,,
PE,TACNA,9,5,,14,0,,16-Apr,9,5,,14,,,
PE,TUMBES,71,14,,85,10,,16-Apr,71,14,,85,,,
PE,APURIMAC,9,13,,22,0,,16-Apr,9,13,,22,,,
PE,MOQUEGUA,3,18,,21,0,,16-Apr,3,18,,21,,,
PE,PUNO,2,0,,2,0,,16-Apr,2,0,,2,,,
PE,AMAZONAS,17,6,,23,0,,16-Apr,17,6,,23,,,
PE,UCAYALI,7,42,,49,2,,16-Apr,7,42,,49,,,
PE,LIMA,5390,4403,,"9,793",129,,17-Apr,5390,4403,,9793,,,
PE,ANCASH,122,67,,189,13,,17-Apr,122,67,,189,,,
PE,AREQUIPA,107,27,,134,5,,17-Apr,107,27,,134,,,
PE,AYACUCHO,10,13,,23,0,,17-Apr,10,13,,23,,,
PE,CAJAMARCA,9,29,,38,2,,17-Apr,9,29,,38,,,
PE,CALLAO,495,585,,"1,080",27,,17-Apr,495,585,,1080,,,
PE,CUSCO,62,50,,112,3,,17-Apr,62,50,,112,,,
PE,HUANCAVELICA,13,4,,17,1,,17-Apr,13,4,,17,,,
PE,HUANUCO,7,38,,45,0,,17-Apr,7,38,,45,,,
PE,ICA,91,28,,119,2,,17-Apr,91,28,,119,,,
PE,JUNIN,88,13,,101,1,,17-Apr,88,13,,101,,,
PE,LA LIBERTAD,124,70,,194,16,,17-Apr,124,70,,194,,,
PE,LAMBAYEQUE,523,77,,600,63,,17-Apr,523,77,,600,,,
PE,LORETO,388,43,,431,10,,17-Apr,388,43,,431,,,
PE,MADRE DE DIOS,9,12,,21,0,,17-Apr,9,12,,21,,,*No corresponde a una serie acumulativa PR
PE,PASCO,12,1,,13,0,,17-Apr,12,1,,13,,,
PE,PIURA,104,160,,264,15,,17-Apr,104,160,,264,,,
PE,SAN MARTIN,28,21,,49,1,,17-Apr,28,21,,49,,,
PE,TACNA,10,10,,20,0,,17-Apr,10,10,,20,,,
PE,TUMBES,71,15,,86,10,,17-Apr,71,15,,86,,,
PE,APURIMAC,9,23,,32,0,,17-Apr,9,23,,32,,,
PE,MOQUEGUA,5,19,,24,0,,17-Apr,5,19,,24,,,
PE,PUNO,2,0,,2,0,,17-Apr,2,0,,2,,,
PE,AMAZONAS,17,29,,46,0,,17-Apr,17,29,,46,,,
PE,UCAYALI,7,49,,56,2,,17-Apr,7,49,,56,,,
PE,LIMA,5512,4722,,"10,234",144,,18-Apr,5512,4722,,10234,,,
PE,ANCASH,134,83,,217,13,,18-Apr,134,83,,217,,,
PE,AREQUIPA,107,39,,146,5,,18-Apr,107,39,,146,,,
PE,AYACUCHO,10,19,,29,0,,18-Apr,10,19,,29,,,
PE,CAJAMARCA,10,42,,52,2,,18-Apr,10,42,,52,,,
PE,CALLAO,540,640,,"1,180",34,,18-Apr,540,640,,1180,,,
PE,CUSCO,63,60,,123,3,,18-Apr,63,60,,123,,,
PE,HUANCAVELICA,13,5,,18,1,,18-Apr,13,5,,18,,,
PE,HUANUCO,8,56,,64,0,,18-Apr,8,56,,64,,,
PE,ICA,95,29,,124,6,,18-Apr,95,29,,124,,,
PE,JUNIN,99,31,,130,1,,18-Apr,99,31,,130,,,
PE,LA LIBERTAD,132,79,,211,16,,18-Apr,132,79,,211,,,
PE,LAMBAYEQUE,537,105,,642,75,,18-Apr,537,105,,642,,,
PE,LORETO,443,42,,485,10,,18-Apr,443,42,,485,,,"*Se reporta 42 en PR, no corresponde a serie acumulativa, pero no afecta al total de casos"
PE,MADRE DE DIOS,9,12,,21,0,,18-Apr,9,12,,21,,,
PE,PASCO,12,1,,13,0,,18-Apr,12,1,,13,,,
PE,PIURA,108,236,,344,24,,18-Apr,108,236,,344,,,
PE,SAN MARTIN,28,53,,81,1,,18-Apr,28,53,,81,,,
PE,TACNA,10,18,,28,0,,18-Apr,10,18,,28,,,
PE,TUMBES,71,15,,86,10,,18-Apr,71,15,,86,,,
PE,APURIMAC,9,26,,35,0,,18-Apr,9,26,,35,,,
PE,MOQUEGUA,5,23,,28,0,,18-Apr,5,23,,28,,,
PE,PUNO,3,2,,5,0,,18-Apr,3,2,,5,,,
PE,AMAZONAS,17,34,,51,0,,18-Apr,17,34,,51,,,
PE,UCAYALI,8,65,,73,3,,18-Apr,8,65,,73,,,
PE,LIMA,5767,5110,,"10,877",169,,19-Apr,5767,5110,,10877,,,
PE,ANCASH,141,110,,251,16,,19-Apr,141,110,,251,,,
PE,AREQUIPA,107,85,,192,5,,19-Apr,107,85,,192,,,
PE,AYACUCHO,10,23,,33,0,,19-Apr,10,23,,33,,,
PE,CAJAMARCA,11,50,,61,2,,19-Apr,11,50,,61,,,
PE,CALLAO,562,677,,"1,239",34,,19-Apr,562,677,,1239,,,
PE,CUSCO,63,67,,130,3,,19-Apr,63,67,,130,,,
PE,HUANCAVELICA,13,7,,20,1,,19-Apr,13,7,,20,,,
PE,HUANUCO,9,74,,83,0,,19-Apr,9,74,,83,,,
PE,ICA,97,44,,141,6,,19-Apr,97,44,,141,,,
PE,JUNIN,105,45,,150,1,,19-Apr,105,45,,150,,,
PE,LA LIBERTAD,133,99,,232,17,,19-Apr,133,99,,232,,,
PE,LAMBAYEQUE,550,121,,671,81,,19-Apr,550,121,,671,,,
PE,LORETO,512,40,,552,14,,19-Apr,512,40,,552,,,"*Se reporta 40 en PR, no corresponde a serie acumulativa, pero no afecta el total de casos"
PE,MADRE DE DIOS,10,15,,25,0,,19-Apr,10,15,,25,,,
PE,PASCO,12,6,,18,0,,19-Apr,12,6,,18,,,
PE,PIURA,110,310,,420,37,,19-Apr,110,310,,420,,,
PE,SAN MARTIN,28,66,,94,1,,19-Apr,28,66,,94,,,
PE,TACNA,10,25,,35,0,,19-Apr,10,25,,35,,,
PE,TUMBES,71,112,,183,10,,19-Apr,71,112,,183,,,
PE,APURIMAC,9,26,,35,0,,19-Apr,9,26,,35,,,
PE,MOQUEGUA,5,25,,30,0,,19-Apr,5,25,,30,,,
PE,PUNO,3,5,,8,0,,19-Apr,3,5,,8,,,
PE,AMAZONAS,17,34,,51,0,,19-Apr,17,34,,51,,,
PE,UCAYALI,8,89,,97,3,,19-Apr,8,89,,97,,,
PE,LIMA,6253,5044,,"11,297",199,"112,524",20-Apr,6253,5044,,11297,,"112,524",
PE,ANCASH,156,119,,275,19,2517,20-Apr,156,119,,275,,2517,
PE,AREQUIPA,107,122,,229,8,1855,20-Apr,107,122,,229,,1855,
PE,AYACUCHO,12,23,,35,0,714,20-Apr,12,23,,35,,714,
PE,CAJAMARCA,11,51,,62,2,806,20-Apr,11,51,,62,,806,
PE,CALLAO,602,680,,"1,282",35,4157,20-Apr,602,680,,1282,,4157,
PE,CUSCO,63,67,,130,3,1061,20-Apr,63,67,,130,,1061,
PE,HUANCAVELICA,13,8,,21,1,517,20-Apr,13,8,,21,,517,
PE,HUANUCO,9,74,,83,0,1027,20-Apr,9,74,,83,,1027,
PE,ICA,101,44,,145,6,1875,20-Apr,101,44,,145,,1875,
PE,JUNIN,109,46,,155,1,1396,20-Apr,109,46,,155,,1396,
PE,LA LIBERTAD,141,112,,253,17,1982,20-Apr,141,112,,253,,1982,
PE,LAMBAYEQUE,550,125,,675,89,2647,20-Apr,550,125,,675,,2647,
PE,LORETO,545,40,,585,14,3403,20-Apr,545,40,,585,,3403,
PE,MADRE DE DIOS,10,54,,64,0,1748,20-Apr,10,54,,64,,1748,
PE,PASCO,13,19,,32,0,150,20-Apr,13,19,,32,,150,
PE,PIURA,110,326,,436,37,2257,20-Apr,110,326,,436,,2257,
PE,SAN MARTIN,28,66,,94,1,1486,20-Apr,28,66,,94,,1486,
PE,TACNA,10,25,,35,0,1010,20-Apr,10,25,,35,,1010,
PE,TUMBES,71,113,,184,10,2099,20-Apr,71,113,,184,,2099,
PE,APURIMAC,9,31,,40,0,421,20-Apr,9,31,,40,,421,
PE,MOQUEGUA,5,25,,30,0,555,20-Apr,5,25,,30,,555,
PE,PUNO,3,5,,8,0,786,20-Apr,3,5,,8,,786,
PE,AMAZONAS,17,38,,55,0,335,20-Apr,17,38,,55,,335,
PE,UCAYALI,16,104,,120,3,683,20-Apr,16,104,,120,,683,
PE,LIMA,6630,5626,,"12,256",227,"117,993",21-Apr,6630,5626,,12256,,"117,993",
PE,ANCASH,158,176,,334,23,2680,21-Apr,158,176,,334,,2680,
PE,AREQUIPA,113,160,,273,8,2259,21-Apr,113,160,,273,,2259,
PE,AYACUCHO,12,26,,38,0,714,21-Apr,12,26,,38,,714,
PE,CAJAMARCA,13,60,,73,2,894,21-Apr,13,60,,73,,894,
PE,CALLAO,636,733,,"1,369",36,4161,21-Apr,636,733,,1369,,4161,
PE,CUSCO,63,69,,132,3,1083,21-Apr,63,69,,132,,1083,
PE,HUANCAVELICA,13,3,,16,1,317,21-Apr,13,8,,21,,317,"* Se reportó 3 para PR, no corresponde a una serie acumulativa"
PE,HUANUCO,9,82,,91,0,1055,21-Apr,9,82,,91,,1055,
PE,ICA,114,81,,195,6,2023,21-Apr,114,81,,195,,2023,
PE,JUNIN,109,69,,178,1,1438,21-Apr,109,69,,178,,1438,
PE,LA LIBERTAD,146,157,,303,17,2077,21-Apr,146,157,,303,,2077,
PE,LAMBAYEQUE,574,167,,741,90,3025,21-Apr,574,167,,741,,3025,
PE,LORETO,577,40,,617,19,3639,21-Apr,577,40,,617,,3639,
PE,MADRE DE DIOS,10,56,,66,0,1889,21-Apr,10,56,,66,,1889,
PE,PASCO,19,20,,39,0,156,21-Apr,19,20,,39,,156,
PE,PIURA,113,362,,475,37,2287,21-Apr,113,362,,475,,2287,
PE,SAN MARTIN,29,71,,100,1,1548,21-Apr,29,71,,100,,1548,
PE,TACNA,12,30,,42,0,1010,21-Apr,12,30,,42,,1010,
PE,TUMBES,71,127,,198,10,2099,21-Apr,71,127,,198,,2099,
PE,APURIMAC,9,33,,42,0,534,21-Apr,9,33,,42,,534,
PE,MOQUEGUA,5,36,,41,0,623,21-Apr,5,36,,41,,623,
PE,PUNO,3,8,,11,0,838,21-Apr,3,8,,11,,838,
PE,AMAZONAS,17,41,,58,0,699,21-Apr,17,41,,58,,699,
PE,UCAYALI,16,133,,149,3,683,21-Apr,16,133,,149,,683,
PE,AMAZONAS,17,43,,60,0,699,22-Apr,17,43,,60,,699,
PE,ANCASH,169,196,,365,26,"2,808",22-Apr,169,179,,348,,"2,808",*Se corrigió  PR de manera retrospectiva
PE,APURIMAC,9,37,,46,0,536,22-Apr,9,37,,46,,536,
PE,AREQUIPA,123,153,,276,8,"2,570",22-Apr,123,153,,276,,"2,570","* Se reportó 153 para PR (7 casos menos), pero no afecta el total de casos"
PE,AYACUCHO,12,26,,38,0,729,22-Apr,12,26,,38,,729,
PE,CAJAMARCA,14,64,,78,2,"1,769",22-Apr,14,64,,78,,"1,769",
PE,CALLAO,640,776,,"1,416",39,"4,500",22-Apr,640,776,,1416,,"4,500",
PE,CUSCO,63,84,,147,3,"1,171",22-Apr,63,84,,147,,"1,171",
PE,HUANCAVELICA,13,6,,19,1,320,22-Apr,13,8,,21,,320,"*Se reportó 6 para PR, no corresponde a serie acumulativa"
PE,HUANUCO,10,104,,114,0,"1,074",22-Apr,10,104,,114,,"1,074",
PE,ICA,128,85,,213,6,"2,084",22-Apr,128,85,,213,,"2,084",
PE,JUNIN,116,91,,207,1,"1,723",22-Apr,116,91,,207,,"1,723",
PE,LA LIBERTAD,150,168,,318,17,"2,258",22-Apr,150,168,,318,,"2,258",
PE,LAMBAYEQUE,581,283,,864,97,"3,355",22-Apr,581,283,,864,,"3,355",
PE,LIMA,7139,6075,,"13,214",247,"129,147",22-Apr,7139,6075,,13214,,"129,147",
PE,LORETO,593,60,,653,23,"4,099",22-Apr,593,60,,653,,"4,099",
PE,MADRE DE DIOS,13,58,,71,0,"2,140",22-Apr,13,58,,71,,"2,140",
PE,MOQUEGUA,5,43,,48,0,711,22-Apr,5,43,,48,,711,
PE,PASCO,19,27,,46,1,172,22-Apr,19,27,,46,,172,
PE,PIURA,119,395,,514,45,"2,316",22-Apr,119,395,,514,,"2,316",
PE,PUNO,3,12,,15,0,632,22-Apr,3,12,,15,,632,
PE,SAN MARTIN,29,78,,107,1,"1,580",22-Apr,29,78,,107,,"1,580",
PE,TACNA,10,34,,44,0,"1,158",22-Apr,10,34,,44,,"1,158","*Se reportó 10 PCR (2 menos que ayer), pero no afecta el total de casos"
PE,TUMBES,71,134,,205,10,"2,099",22-Apr,71,134,,205,,"2,099",
PE,UCAYALI,16,156,,172,3,750,22-Apr,16,156,,172,,750,
PE,AMAZONAS,17,47,,64,0,"1,215",23-Apr,17,47,,64,,"1,215",
PE,ANCASH,173,179,,352,28,"3,550",23-Apr,173,179,,352,,"3,550",
PE,APURIMAC,9,43,,52,0,"1,200",23-Apr,9,43,,52,,"1,200",
PE,AREQUIPA,128,163,,291,8,"3,513",23-Apr,128,163,,291,,"3,513",
PE,AYACUCHO,13,26,,39,0,"1,399",23-Apr,13,26,,39,,"1,399",
PE,CAJAMARCA,13,77,,90,2,"2,493",23-Apr,13,77,,90,,"2,493","*Se reportó 13 (1 PCR menos), el total no varía "
PE,CALLAO,683,853,,"1,536",39,"5,342",23-Apr,683,853,,1536,,"5,342",
PE,CUSCO,64,94,,158,3,"1,801",23-Apr,64,94,,158,,"1,801",
PE,HUANCAVELICA,13,8,,21,1,698,23-Apr,13,8,,21,,698,
PE,HUANUCO,10,106,,116,0,"1,524",23-Apr,10,106,,116,,"1,524",
PE,ICA,142,106,,248,6,"2,150",23-Apr,142,106,,248,,"2,150",
PE,JUNIN,125,81,,206,1,"2,084",23-Apr,125,91,,216,,"2,084","*Se reportó 81 para PR, no corresponde a la serie acumulativa"
PE,LA LIBERTAD,151,240,,391,17,"2,673",23-Apr,151,240,,391,,"2,673",
PE,LAMBAYEQUE,595,373,,968,111,"4,399",23-Apr,595,373,,968,,"4,399",
PE,LIMA,"7,768","6,532",,"14,300",267,"131,061",23-Apr,7768,6532,,14300,,"131,061",
PE,LORETO,602,98,,700,23,"4,355",23-Apr,602,98,,700,,"4,355",
PE,MADRE DE DIOS,13,64,,77,0,"2,743",23-Apr,13,64,,77,,"2,743",
PE,MOQUEGUA,6,46,,52,0,"1,108",23-Apr,6,46,,52,,"1,108",
PE,PASCO,20,28,,48,1,713,23-Apr,20,28,,48,,713,
PE,PIURA,130,438,,568,45,"3,412",23-Apr,130,438,,568,,"3,412",
PE,PUNO,5,28,,33,0,"1,110",23-Apr,5,28,,33,,"1,110",
PE,SAN MARTIN,29,82,,111,1,"2,102",23-Apr,29,82,,111,,"2,102",
PE,TACNA,12,38,,50,0,"1,497",23-Apr,12,38,,50,,"1,497",
PE,TUMBES,71,162,,233,16,"2,099",23-Apr,71,162,,233,,"2,099",
PE,UCAYALI,16,194,,210,3,997,23-Apr,16,194,,210,,997,
PE,AMAZONAS,17,48,,65,0,"1,324",24-Apr,17,48,,65,,"1,324",
PE,ANCASH,182,179,,361,29,"6,066",24-Apr,182,179,,361,,"6,066",
PE,APURIMAC,9,44,,53,0,"1,709",24-Apr,9,44,,53,,"1,709",
PE,AREQUIPA,149,162,,311,10,"7,156",24-Apr,149,162,,311,,"7,156","*Se reporto 162 para PR, no corresponde a la serie acumulativa"
PE,AYACUCHO,13,27,,40,0,"1,399",24-Apr,13,27,,40,,"1,399",
PE,CAJAMARCA,15,77,,92,2,"2,533",24-Apr,15,77,,92,,"2,533",
PE,CALLAO,738,853,,"1,591",40,"7,266",24-Apr,738,853,,1591,,"7,266",
PE,CUSCO,66,94,,160,3,"3,014",24-Apr,66,94,,160,,"3,014",
PE,HUANCAVELICA,14,9,,23,1,900,24-Apr,14,9,,23,,900,
PE,HUANUCO,10,106,,116,1,"2,124",24-Apr,10,106,,116,,"2,124",
PE,ICA,146,112,,258,6,"3,076",24-Apr,146,112,,258,,"3,076",
PE,JUNIN,125,94,,219,4,"3,645",24-Apr,125,94,,219,,"3,645",
PE,LA LIBERTAD,160,250,,410,23,"5,327",24-Apr,160,250,,410,,"5,327",
PE,LAMBAYEQUE,620,354,,974,119,"6,523",24-Apr,620,354,,974,,"6,523","*Se reportó 354 para PR, no corresponde a la serie acumulativa"
PE,LIMA,"8,235","6,579",,"14,814",290,"119,033",24-Apr,8235,6579,,14814,,"119,033",
PE,LORETO,610,98,,708,29,"4,893",24-Apr,610,98,,708,,"4,893",
PE,MADRE DE DIOS,13,67,,80,0,"3,243",24-Apr,13,67,,80,,"3,243",
PE,MOQUEGUA,6,51,,57,0,"1,708",24-Apr,6,51,,57,,"1,708",
PE,PASCO,20,41,,61,1,"1,313",24-Apr,20,41,,61,,"1,313",
PE,PIURA,147,438,,585,45,"5,186",24-Apr,147,438,,585,,"5,186",
PE,PUNO,6,28,,34,0,"1,938",24-Apr,6,28,,34,,"1,938",
PE,SAN MARTIN,30,87,,117,1,"2,781",24-Apr,30,87,,117,,"2,781",
PE,TACNA,13,46,,59,0,"2,797",24-Apr,13,46,,59,,"2,797",
PE,TUMBES,72,162,,234,19,"2,198",24-Apr,72,162,,234,,"2,198",
PE,UCAYALI,16,210,,226,11,"1,197",24-Apr,16,210,,226,,"1,197",
PE,AMAZONAS,17,50,,67,0,"1,333",25-Apr,17,50,,67,,"1,333",
PE,ANCASH,182,282,,464,33,"6,114",25-Apr,182,282,,464,,"6,114",
PE,APURIMAC,9,54,,63,0,"1,709",25-Apr,9,54,,63,,"1,709",
PE,AREQUIPA,159,205,,364,10,"7,191",25-Apr,159,205,,364,,"7,191",
PE,AYACUCHO,13,32,,45,0,"1,436",25-Apr,13,32,,45,,"1,436",
PE,CAJAMARCA,15,90,,105,2,"2,534",25-Apr,15,90,,105,,"2,534",
PE,CALLAO,738,"1,698",,"2,436",44,"8,183",25-Apr,738,1698,,2436,,"8,183",
PE,CUSCO,66,108,,174,3,"3,051",25-Apr,66,108,,174,,"3,051",
PE,HUANCAVELICA,14,19,,33,1,908,25-Apr,14,19,,33,,908,
PE,HUANUCO,10,150,,160,1,"2,124",25-Apr,10,150,,160,,"2,124",
PE,ICA,146,122,,268,6,"3,113",25-Apr,146,122,,268,,"3,113",
PE,JUNIN,125,132,,257,4,"3,700",25-Apr,125,132,,257,,"3,700",
PE,LA LIBERTAD,167,314,,481,23,"5,361",25-Apr,167,314,,481,,"5,361",
PE,LAMBAYEQUE,620,768,,"1,388",119,"6,523",25-Apr,620,768,,1388,,"6,523",
PE,LIMA,"8,600","7,967",,"16,567",303,"137,304",25-Apr,8600,7967,,16567,,"137,304",
PE,LORETO,641,101,,742,36,"5,109",25-Apr,641,101,,742,,"5,109",
PE,MADRE DE DIOS,13,78,,91,0,"3,243",25-Apr,13,78,,91,,"3,243",
PE,MOQUEGUA,6,67,,73,0,"1,716",25-Apr,6,67,,73,,"1,716",
PE,PASCO,20,48,,68,1,"1,318",25-Apr,20,48,,68,,"1,318",
PE,PIURA,147,522,,669,79,"5,244",25-Apr,147,522,,669,,"5,244",
PE,PUNO,6,59,,65,0,"1,938",25-Apr,6,59,,65,,"1,938",
PE,SAN MARTIN,30,91,,121,1,"2,825",25-Apr,30,91,,121,,"2,825",
PE,TACNA,13,54,,67,1,"2,820",25-Apr,13,54,,67,,"2,820",
PE,TUMBES,72,168,,240,19,"2,201",25-Apr,72,168,,240,,"2,201",
PE,UCAYALI,16,307,,323,14,"1,197",25-Apr,16,307,,323,,"1,197",
PE,AMAZONAS,21,57,,78,0,981,26-Apr,21,57,,78,,981,
PE,ANCASH,197,309,,506,35,1810,26-Apr,197,309,,506,,1810,
PE,APURIMAC,13,55,,68,0,439,26-Apr,13,55,,68,,439,
PE,AREQUIPA,167,229,,396,10,2903,26-Apr,167,229,,396,,2903,
PE,AYACUCHO,23,30,,53,0,998,26-Apr,23,30,,53,,998,"*Se registró 30 PR(2 menos que ayer), pero se quedó con ese dato por no afectar el total de casos"
PE,CAJAMARCA,31,97,,128,2,749,26-Apr,31,97,,128,,749,
PE,CALLAO,840,1775,,"2,615",44,5860,26-Apr,840,1775,,2615,,5860,
PE,CUSCO,69,113,,182,3,1272,26-Apr,69,113,,182,,1272,
PE,HUANCAVELICA,18,22,,40,1,245,26-Apr,18,22,,40,,245,
PE,HUANUCO,11,156,,167,0,1431,26-Apr,11,156,,167,,1431,
PE,ICA,162,122,,284,6,1545,26-Apr,162,122,,284,,1545,
PE,JUNIN,137,147,,284,4,1138,26-Apr,137,147,,284,,1138,
PE,LA LIBERTAD,171,332,,503,23,2636,26-Apr,171,332,,503,,2636,
PE,LAMBAYEQUE,731,871,,"1,602",143,3800,26-Apr,731,871,,1602,,3800,
PE,LIMA,9067,8817,,"17,884",303,"191,307",26-Apr,9067,8817,,17884,,"191,307",
PE,LORETO,687,99,,786,39,3350,26-Apr,687,99,,786,,3350,"*Se reporta 99 en PR (2 menos que ayer), se quedó con ese dato por no afectar el total de casos"
PE,MADRE DE DIOS,14,80,,94,0,3020,26-Apr,14,80,,94,,3020,
PE,MOQUEGUA,6,86,,92,0,1055,26-Apr,6,86,,92,,1055,
PE,PASCO,21,57,,78,1,285,26-Apr,21,57,,78,,285,
PE,PIURA,184,606,,790,79,2016,26-Apr,184,606,,790,,2016,
PE,PUNO,8,61,,69,0,745,26-Apr,8,61,,69,,745,
PE,SAN MARTIN,37,114,,151,1,853,26-Apr,37,114,,151,,853,
PE,TACNA,17,51,,68,1,1061,26-Apr,17,51,,68,,1061,"*Se reportó 51 en PR (3 menos que ayer), se quedó con este dato por no afectar el total de casos"
PE,TUMBES,76,174,,250,19,2311,26-Apr,76,174,,250,,2311,
PE,UCAYALI,17,332,,349,14,937,26-Apr,17,332,,349,,937,
PE,AMAZONAS,21,63,,84,0,1593,27-Apr,21,63,,84,,1593,
PE,ANCASH,204,343,,547,34,6149,27-Apr,204,343,,547,,6149,
PE,APURIMAC,13,56,,69,0,2070,27-Apr,13,56,,69,,2070,
PE,AREQUIPA,168,311,,479,11,7793,27-Apr,168,311,,479,,7793,
PE,AYACUCHO,23,37,,60,0,1719,27-Apr,23,37,,60,,1719,
PE,CAJAMARCA,32,109,,141,2,2599,27-Apr,32,109,,141,,2599,
PE,CALLAO,870,1802,,"2,672",50,10257,27-Apr,870,1802,,2672,,10257,
PE,CUSCO,72,124,,196,3,3131,27-Apr,72,124,,196,,3131,
PE,HUANCAVELICA,19,29,,48,1,1133,27-Apr,19,29,,48,,1133,
PE,HUANUCO,11,156,,167,0,3028,27-Apr,11,156,,167,,3028,
PE,ICA,164,175,,339,6,3266,27-Apr,164,175,,339,,3266,
PE,JUNIN,140,150,,290,4,3816,27-Apr,140,150,,290,,3816,
PE,LA LIBERTAD,178,375,,553,23,6024,27-Apr,178,375,,553,,6024,
PE,LAMBAYEQUE,733,918,,"1,651",149,7006,27-Apr,733,918,,1651,,7006,
PE,LIMA,9393,9178,,"18,571",332,"146,810",27-Apr,9393,9178,,18571,,"146,810",
PE,LORETO,700,127,,827,39,5565,27-Apr,700,127,,827,,5565,
PE,MADRE DE DIOS,14,73,,87,0,4425,27-Apr,14,80,,94,,4425,"*Se reportó 73 en PR (7 menos que ayer), se consideró el valor del día anterior por afectar el total de casos"
PE,MOQUEGUA,6,88,,94,0,2522,27-Apr,6,88,,94,,2522,
PE,PASCO,21,61,,82,1,1683,27-Apr,21,61,,82,,1683,
PE,PIURA,191,625,,816,92,5393,27-Apr,191,625,,816,,5393,
PE,PUNO,9,60,,69,0,2836,27-Apr,9,60,,69,,2836,"* Se registró 60 en PR (1 menos que ayer), pero no afectó el total de casos"
PE,SAN MARTIN,39,127,,166,1,3697,27-Apr,39,127,,166,,3697,
PE,TACNA,17,54,,71,1,3642,27-Apr,17,54,,71,,3642,
PE,TUMBES,76,174,,250,19,1653,27-Apr,76,174,,250,,1653,
PE,UCAYALI,18,352,,370,14,1753,27-Apr,18,352,,370,,1753,
PE,AMAZONAS,21,87,,108,0,1852,28-Apr,21,87,,108,,1852,
PE,ANCASH,209,389,,598,39,7534,28-Apr,209,389,,598,,7534,
PE,APURIMAC,13,51,,64,0,2374,28-Apr,13,56,,69,,2374,"*Se reportó 51 en PR (5 menos que ayer), se consideró el valor de ayer, ya que, el valor de hoy afecta el total de casos"
PE,AREQUIPA,178,323,,501,11,9214,28-Apr,178,323,,501,,9214,
PE,AYACUCHO,31,41,,72,0,1932,28-Apr,31,41,,72,,1932,
PE,CAJAMARCA,36,120,,156,3,3240,28-Apr,36,120,,156,,3240,
PE,CALLAO,926,2007,,"2,933",52,11549,28-Apr,926,2007,,2933,,11549,
PE,CUSCO,74,128,,202,3,3256,28-Apr,74,128,,202,,3256,
PE,HUANCAVELICA,22,35,,57,1,1280,28-Apr,22,35,,57,,1280,
PE,HUANUCO,12,156,,168,0,3339,28-Apr,12,156,,168,,3339,
PE,ICA,178,175,,353,28,3822,28-Apr,178,175,,353,,3822,
PE,JUNIN,142,189,,331,4,4380,28-Apr,142,189,,331,,4380,
PE,LA LIBERTAD,193,392,,585,23,6909,28-Apr,193,392,,585,,6909,
PE,LAMBAYEQUE,779,1035,,"1,814",159,8291,28-Apr,779,1035,,1814,,8291,
PE,LIMA,9762,10286,,"20,048",358,"159,806",28-Apr,9762,10286,,20048,,"159,806",
PE,LORETO,749,132,,881,45,5615,28-Apr,749,132,,881,,5615,
PE,MADRE DE DIOS,14,83,,97,0,4982,28-Apr,14,83,,97,,4982,
PE,MOQUEGUA,6,94,,100,0,2784,28-Apr,6,94,,100,,2784,
PE,PASCO,21,69,,90,1,1873,28-Apr,21,69,,90,,1873,
PE,PIURA,200,760,,960,92,7510,28-Apr,200,760,,960,,7510,
PE,PUNO,12,76,,88,0,3223,28-Apr,12,76,,88,,3223,
PE,SAN MARTIN,52,126,,178,1,4306,28-Apr,52,126,,178,,4306,"*Se reportó 126 en PR (1 menos que ayer), pero se consideró ese dato por no afectar el total de casos"
PE,TACNA,17,60,,77,1,3903,28-Apr,17,60,,77,,3903,
PE,TUMBES,76,199,,275,19,2514,28-Apr,76,199,,275,,2514,
PE,UCAYALI,19,435,,454,14,2124,28-Apr,19,435,,454,,2124,
PE,AMAZONAS,21,98,,119,0,2052,29-Apr,21,98,,119,,2052,
PE,ANCASH,218,412,,630,52,8574,29-Apr,218,412,,630,,8574,
PE,APURIMAC,13,53,,66,0,2612,29-Apr,13,56,,69,,2612,"*Se reportó 53 en PR, se registró el dato de hace dos días por afectar el total de casos"
PE,AREQUIPA,193,336,,529,11,10173,29-Apr,193,336,,529,,10173,
PE,AYACUCHO,36,44,,80,0,2058,29-Apr,36,44,,80,,2058,
PE,CAJAMARCA,42,120,,162,3,3784,29-Apr,42,120,,162,,3784,
PE,CALLAO,956,2145,,"3,101",52,12652,29-Apr,956,2145,,3101,,12652,
PE,CUSCO,75,128,,203,3,3746,29-Apr,75,128,,203,,3746,
PE,HUANCAVELICA,23,52,,75,1,1430,29-Apr,23,52,,75,,1430,
PE,HUANUCO,13,156,,169,0,3640,29-Apr,13,156,,169,,3640,
PE,ICA,179,222,,401,28,4397,29-Apr,179,222,,401,,4397,
PE,JUNIN,150,223,,373,4,4825,29-Apr,150,223,,373,,4825,
PE,LA LIBERTAD,199,416,,615,23,7456,29-Apr,199,416,,615,,7456,
PE,LAMBAYEQUE,780,1176,,"1,956",172,8873,29-Apr,780,1176,,1956,,8873,
PE,LIMA,10109,11745,,"21,854",404,"176,799",29-Apr,10109,11745,,21854,,"176,799",
PE,LORETO,854,149,,"1,003",51,5785,29-Apr,854,149,,1003,,5785,
PE,MADRE DE DIOS,15,90,,105,0,5119,29-Apr,15,90,,105,,5119,
PE,MOQUEGUA,6,105,,111,0,3136,29-Apr,6,105,,111,,3136,
PE,PASCO,22,73,,95,1,2127,29-Apr,22,73,,95,,2127,
PE,PIURA,215,865,,"1,080",103,8896,29-Apr,215,865,,1080,,8896,
PE,PUNO,13,76,,89,0,3790,29-Apr,13,76,,89,,3790,
PE,SAN MARTIN,69,136,,205,1,4587,29-Apr,69,136,,205,,4587,
PE,TACNA,17,77,,94,1,4353,29-Apr,17,77,,94,,4353,
PE,TUMBES,75,215,,290,19,2685,29-Apr,75,215,,290,,2685,"*Se registró 75 en PCR (1 menos que ayer), se consideró el valor de hoy por no afectar el total de casos"
PE,UCAYALI,91,435,,526,14,2713,29-Apr,91,435,,526,,2713,
PE,AMAZONAS,22,100,,122,0,"2,278",30-Apr,22,100,,122,,"2,278",
PE,ANCASH,221,472,,693,56,"9,295",30-Apr,221,472,,693,,"9,295",
PE,APURIMAC,13,65,,78,0,"2,867",30-Apr,13,65,,78,,"2,867",
PE,AREQUIPA,202,369,,571,11,"10,978",30-Apr,202,369,,571,,"10,978",
PE,AYACUCHO,49,46,,95,0,"2,291",30-Apr,49,46,,95,,"2,291",
PE,CAJAMARCA,44,126,,170,3,"4,037",30-Apr,44,126,,170,,"4,037",
PE,CALLAO,975,"2,244",,"3,219",60,"13,614",30-Apr,975,2244,,3219,,"13,614",
PE,CUSCO,79,133,,212,3,"4,044",30-Apr,79,133,,212,,"4,044",
PE,HUANCAVELICA,25,63,,88,1,"1,916",30-Apr,25,63,,88,,"1,916",
PE,HUANUCO,11,178,,189,0,"3,748",30-Apr,11,178,,189,,"3,748","*Se reporto 11 para PCR, no corresponde a la serie acumulativa "
PE,ICA,208,342,,550,28,"4,896",30-Apr,208,342,,550,,"4,896",
PE,JUNIN,151,243,,394,4,"5,172",30-Apr,151,243,,394,,"5,172",
PE,LA LIBERTAD,213,455,,668,23,"8,132",30-Apr,213,455,,668,,"8,132",
PE,LAMBAYEQUE,803,"1,373",,"2,176",192,"10,002",30-Apr,803,1373,,2176,,"10,002",
PE,LIMA,"10,401","13,160",,"23,561",437,"187,970",30-Apr,10401,13160,,23561,,"187,970",
PE,LORETO,999,203,,"1,202",55,"6,122",30-Apr,999,203,,1202,,"6,122",
PE,MADRE DE DIOS,17,96,,113,0,"5,347",30-Apr,17,96,,113,,"5,347",
PE,MOQUEGUA,6,114,,120,0,"3,651",30-Apr,6,114,,120,,"3,651",
PE,PASCO,22,91,,113,1,"2,395",30-Apr,22,91,,113,,"2,395",
PE,PIURA,223,984,,"1,207",118,"9,773",30-Apr,223,984,,1207,,"9,773",
PE,PUNO,13,92,,105,0,"4,237",30-Apr,13,92,,105,,"4,237",
PE,SAN MARTIN,72,166,,238,1,"4,760",30-Apr,72,166,,238,,"4,760",
PE,TACNA,17,94,,111,1,"4,749",30-Apr,17,94,,111,,"4,749",
PE,TUMBES,75,235,,310,19,"2,822",30-Apr,75,235,,310,,"2,822",
PE,UCAYALI,95,576,,671,38,"3,156",30-Apr,95,576,,671,,"3,156",
PE,AMAZONAS,23,106,,129,0,2497,1-May,23,106,,129,,2497,
PE,ANCASH,224,598,,822,56,9832,1-May,224,598,,822,,9832,
PE,APURIMAC,10,73,,83,0,3141,1-May,10,73,,83,,3141,"*Se reportó 10 en PCR (3 menos que ayer), pero se consideró el valor de hoy por no afectar el total de casos"
PE,AREQUIPA,214,410,,624,11,12125,1-May,214,410,,624,,12125,
PE,AYACUCHO,49,55,,104,0,2547,1-May,49,55,,104,,2547,
PE,CAJAMARCA,52,149,,201,3,4545,1-May,52,149,,201,,4545,
PE,CALLAO,1021,2437,,"3,458",60,14743,1-May,1021,2437,,3458,,14743,
PE,CUSCO,82,139,,221,3,4407,1-May,82,139,,221,,4407,
PE,HUANCAVELICA,27,82,,109,1,2282,1-May,27,82,,109,,2282,
PE,HUANUCO,13,193,,206,0,4023,1-May,13,193,,206,,4023,
PE,ICA,216,364,,580,41,5204,1-May,216,364,,580,,5204,
PE,JUNIN,158,278,,436,4,5695,1-May,158,278,,436,,5695,
PE,LA LIBERTAD,223,497,,720,23,8986,1-May,223,497,,720,,8986,
PE,LAMBAYEQUE,831,1529,,2360,194,10951,1-May,831,1529,,2360,,10951,
PE,LIMA,10748,14970,,25718,491,"200,938",1-May,10748,14970,,25718,,"200,938",
PE,LORETO,1095,260,,1355,57,6504,1-May,1095,260,,1355,,6504,
PE,MADRE DE DIOS,18,98,,116,1,5529,1-May,18,98,,116,,5529,
PE,MOQUEGUA,6,117,,123,0,3875,1-May,6,117,,123,,3875,
PE,PASCO,25,97,,122,1,2555,1-May,25,97,,122,,2555,
PE,PIURA,233,1163,,1396,119,10430,1-May,233,1163,,1396,,10430,
PE,PUNO,13,103,,116,0,4592,1-May,13,103,,116,,4592,
PE,SAN MARTIN,72,176,,248,1,5181,1-May,72,176,,248,,5181,
PE,TACNA,17,109,,126,1,5271,1-May,17,109,,126,,5271,
PE,TUMBES,75,251,,326,19,3130,1-May,75,251,,326,,3130,
PE,UCAYALI,95,665,,760,38,3515,1-May,95,665,,760,,3515,
PE,AMAZONAS,23,113,,136,1,2553,2-May,23,113,,136,,2553,
PE,ANCASH,233,674,,907,66,10363,2-May,233,674,,907,,10363,
PE,APURIMAC,10,76,,86,0,3327,2-May,10,76,,86,,3327,
PE,AREQUIPA,221,434,,655,16,12663,2-May,221,434,,655,,12663,
PE,AYACUCHO,51,66,,117,0,2776,2-May,51,66,,117,,2776,
PE,CAJAMARCA,55,169,,224,3,4643,2-May,55,169,,224,,4643,
PE,CALLAO,1065,2478,,3543,66,15292,2-May,1065,2478,,3543,,15292,
PE,CUSCO,82,139,,221,3,4532,2-May,82,139,,221,,4532,
PE,HUANCAVELICA,28,105,,133,1,2613,2-May,28,105,,133,,2613,
PE,HUANUCO,15,218,,233,0,4141,2-May,15,218,,233,,4141,
PE,ICA,218,366,,584,41,5339,2-May,218,366,,584,,5339,
PE,JUNIN,161,290,,451,7,6081,2-May,161,290,,451,,6081,
PE,LA LIBERTAD,231,567,,798,23,9785,2-May,231,567,,798,,9785,
PE,LAMBAYEQUE,862,1686,,2548,220,11567,2-May,862,1686,,2548,,11567,
PE,LIMA,11204,15704,,26908,504,"207,158",2-May,11204,15704,,26908,,"207,158",
PE,LORETO,1150,275,,1425,57,6820,2-May,1150,275,,1425,,6820,
PE,MADRE DE DIOS,18,100,,118,1,5535,2-May,18,100,,118,,5535,
PE,MOQUEGUA,7,121,,128,0,4050,2-May,7,121,,128,,4050,
PE,PASCO,27,121,,148,1,2768,2-May,27,121,,148,,2768,
PE,PIURA,238,1254,,1492,131,10929,2-May,238,1254,,1492,,10929,
PE,PUNO,13,111,,124,0,4861,2-May,13,111,,124,,4861,
PE,SAN MARTIN,72,193,,265,1,5238,2-May,72,193,,265,,5238,
PE,TACNA,19,109,,128,1,5487,2-May,19,109,,128,,5487,
PE,TUMBES,74,262,,336,19,3254,2-May,74,262,,336,,3254,"*Se registró 74 PCR (1 menos que ayer), se consideró el valor de hoy por no afectar el total de casos"
PE,UCAYALI,95,731,,826,38,3829,2-May,95,731,,826,,3829,
PE,AMAZONAS,23,132,,155,1,3064,3-May,23,132,,155,,3064,
PE,ANCASH,244,749,,993,77,11349,3-May,244,749,,993,,11349,
PE,APURIMAC,10,80,,90,0,3452,3-May,10,80,,90,,3452,
PE,AREQUIPA,228,464,,692,16,14429,3-May,228,464,,692,,14429,
PE,AYACUCHO,54,81,,135,0,3160,3-May,54,81,,135,,3160,
PE,CAJAMARCA,60,199,,259,3,5357,3-May,60,199,,259,,5357,
PE,CALLAO,1108,2785,,3893,66,16550,3-May,1108,2785,,3893,,16550,
PE,CUSCO,82,148,,230,3,5676,3-May,82,148,,230,,5676,
PE,HUANCAVELICA,28,158,,186,1,3094,3-May,28,158,,186,,3094,
PE,HUANUCO,15,233,,248,0,4624,3-May,15,233,,248,,4624,
PE,ICA,234,442,,676,41,6738,3-May,234,442,,676,,6738,
PE,JUNIN,180,326,,506,7,7549,3-May,180,326,,506,,7549,
PE,LA LIBERTAD,238,641,,879,23,11155,3-May,238,641,,879,,11155,
PE,LAMBAYEQUE,873,1773,,2646,267,13060,3-May,873,1773,,2646,,13060,
PE,LIMA,11580,17410,,28990,517,"208,865",3-May,11580,17410,,28990,,"208,865",
PE,LORETO,1198,304,,1502,59,7406,3-May,1198,304,,1502,,7406,
PE,MADRE DE DIOS,18,102,,120,1,4970,3-May,18,102,,120,,4970,
PE,MOQUEGUA,7,124,,131,0,4058,3-May,7,124,,131,,4058,
PE,PASCO,27,134,,161,1,2964,3-May,27,134,,161,,2964,
PE,PIURA,240,1378,,1618,143,12208,3-May,240,1378,,1618,,12208,
PE,PUNO,13,122,,135,0,5640,3-May,13,122,,135,,5640,
PE,SAN MARTIN,81,201,,282,1,6019,3-May,81,201,,282,,6019,
PE,TACNA,19,122,,141,2,5705,3-May,19,122,,141,,5705,
PE,TUMBES,75,272,,347,19,3367,3-May,75,272,,347,,3367,
PE,UCAYALI,95,818,,913,38,4637,3-May,95,818,,913,,4637,
PE,AMAZONAS,23,141,,164,2,3116,4-May,23,141,,164,,3116,
PE,ANCASH,250,764,,1014,77,11529,4-May,250,764,,1014,,11529,
PE,APURIMAC,10,90,,100,0,3498,4-May,10,90,,100,,3498,
PE,AREQUIPA,228,464,,692,18,14930,4-May,228,464,,692,,14930,
PE,AYACUCHO,54,89,,143,0,3310,4-May,54,89,,143,,3310,
PE,CAJAMARCA,69,199,,268,3,5536,4-May,69,199,,268,,5536,
PE,CALLAO,1153,2826,,3979,70,16884,4-May,1153,2826,,3979,,16884,
PE,CUSCO,69,165,,234,3,5739,4-May,69,165,,234,,5739,"*Se registró 69 para PCR (13 menos que ayer), se consideró el valor de hoy por no afectar el total de casos"
PE,HUANCAVELICA,29,170,,199,1,3429,4-May,29,170,,199,,3429,
PE,HUANUCO,15,233,,248,2,4738,4-May,15,233,,248,,4738,
PE,ICA,246,442,,688,41,6996,4-May,2464,442,,2906,,6996,
PE,JUNIN,188,336,,524,7,7613,4-May,188,336,,524,,7613,
PE,LA LIBERTAD,245,720,,965,23,11611,4-May,245,720,,965,,11611,
PE,LAMBAYEQUE,873,1890,,2763,294,13446,4-May,873,1890,,2763,,13446,
PE,LIMA,12001,17841,,29842,529,213745,4-May,12001,17841,,29842,,213745,
PE,LORETO,1216,286,,1502,62,7556,4-May,1216,286,,1502,,7556,"*Se registró 286 en PR (18 menos que ayer), pero se consideró el valor de hoy por no afectar el total de casos"
PE,MADRE DE DIOS,18,103,,121,1,5620,4-May,18,103,,121,,5620,
PE,MOQUEGUA,7,126,,133,0,4212,4-May,7,126,,133,,4212,
PE,PASCO,27,135,,162,1,2993,4-May,27,135,,162,,2993,
PE,PIURA,249,1503,,1752,149,12828,4-May,249,1503,,1752,,12828,
PE,PUNO,13,129,,142,1,5788,4-May,13,129,,142,,5788,
PE,SAN MARTIN,100,196,,296,1,6247,4-May,100,196,,296,,6247,
PE,TACNA,19,122,,141,2,5757,4-May,19,122,,141,,5757,
PE,TUMBES,75,272,,347,19,3411,4-May,75,272,,347,,3411,
PE,UCAYALI,125,828,,953,38,4960,4-May,125,828,,953,,4960,
PE,AMAZONAS,23,147,,170,4,"3,203",5-May,23,147,,170,,3203,
PE,ANCASH,258,901,,"1,159",85,"12,098",5-May,258,901,,1159,,12098,
PE,APURIMAC,10,101,,111,0,"3,694",5-May,10,101,,111,,3694,
PE,AREQUIPA,235,528,,763,18,"15,613",5-May,235,528,,763,,15613,
PE,AYACUCHO,63,118,,181,0,"3,576",5-May,63,118,,181,,3576,
PE,CAJAMARCA,76,246,,322,3,"6,271",5-May,76,246,,322,,6271,
PE,CALLAO,"1,155","3,090",,"4,245",77,"18,164",5-May,1155,3090,,4245,,18164,
PE,CUSCO,82,167,,249,3,"6,162",5-May,82,167,,249,,6162,
PE,HUANCAVELICA,30,173,,203,1,"3,701",5-May,30,173,,203,,3701,
PE,HUANUCO,15,240,,255,2,"4,782",5-May,15,240,,255,,4782,
PE,ICA,256,442,,698,41,"7,300",5-May,256,442,,698,,7300,
PE,JUNIN,188,399,,587,7,"8,389",5-May,188,399,,587,,8389,
PE,LA LIBERTAD,245,817,,"1,062",46,"12,503",5-May,245,817,,1062,,12503,
PE,LAMBAYEQUE,896,"2,112",,"3,008",299,"14,165",5-May,896,2112,,3008,,14165,
PE,LIMA,"12,294","20,045",,"32,339",584,"224,601",5-May,12294,20045,,32339,,224601,
PE,LORETO,"1,244",351,,"1,595",62,"7,784",5-May,1244,351,,1595,,7784,
PE,MADRE DE DIOS,17,107,,124,1,"5,652",5-May,17,107,,124,,5652,"*Se reportó 17 en PCR (1 menos que ayer), se considero el valor de hoy por no afectar el total de datos "
PE,MOQUEGUA,7,135,,142,0,"4,421",5-May,7,135,,142,,4421,
PE,PASCO,27,139,,166,1,"3,111",5-May,27,139,,166,,3111,
PE,PIURA,259,"1,545",,"1,804",149,"13,599",5-May,259,1545,,1804,,13599,
PE,PUNO,13,131,,144,1,"5,952",5-May,13,131,,144,,5952,
PE,SAN MARTIN,102,201,,303,1,"6,487",5-May,102,201,,303,,6487,
PE,TACNA,19,130,,149,2,"6,153",5-May,19,130,,149,,6153,
PE,TUMBES,75,303,,378,19,"3,927",5-May,75,303,,378,,3927,
PE,UCAYALI,125,907,,"1,032",38,"5,271",5-May,125,907,,1032,,5271,
PE,AMAZONAS,23,153,,176,5,3403,6-May,23,153,,176,,3403,
PE,ANCASH,266,990,,1256,85,12690,6-May,266,990,,1256,,12690,
PE,APURIMAC,10,74,,84,0,3851,6-May,10,101,,111,,3851,"*se reportó 74 en PR (27 menos que ayer), pero se consideró el valor del día anterior, porque el actual afectaba el total de casos"
PE,AREQUIPA,248,542,,790,20,16668,6-May,248,542,,790,,16668,
PE,AYACUCHO,71,105,,176,0,3873,6-May,71,118,,189,,3873,"*Se registró PR 105 (13 menos que el día de ayer), se consideró el valor de ayer, porque el actual afectaba el total de casos. "
PE,CAJAMARCA,83,218,,301,3,6792,6-May,83,246,,329,,6792,"*Se registró 218 en PR (28 menos que ayer), se consideró el valor de ayer, porque el actual afectaba el total de casos."
PE,CALLAO,1237,3167,,4404,82,18388,6-May,1237,3167,,4404,,18388,
PE,CUSCO,83,175,,258,3,6873,6-May,83,175,,258,,6873,
PE,HUANCAVELICA,30,151,,181,1,3819,6-May,30,173,,203,,3819,"*Se reportó 151 para PR (22 menos que ayer), se consideró el valor de ayer, porque el valor actual afecta el total de casos"
PE,HUANUCO,15,244,,259,7,5079,6-May,15,244,,259,,5079,
PE,ICA,265,443,,708,41,7837,6-May,265,443,,708,,7837,
PE,JUNIN,188,444,,632,14,8920,6-May,188,444,,632,,8920,
PE,LA LIBERTAD,269,850,,1119,46,13237,6-May,269,850,,1119,,13237,
PE,LAMBAYEQUE,897,2230,,3127,299,15070,6-May,897,2230,,3127,,15070,
PE,LIMA,12935,22364,,35299,613,237155,6-May,12935,22364,,35299,,237155,
PE,LORETO,1211,348,,1559,67,8211,6-May,1244,351,,1595,,8211,*Se registran valores menores al del día anterior para ambas categorías (PCR y PR). Se consideraron los valores del día anterior.
PE,MADRE DE DIOS,19,110,,129,1,5649,6-May,19,110,,129,,5649,*Se reportaron 3 muestras menos para hoy 
PE,MOQUEGUA,7,142,,149,0,4594,6-May,7,142,,149,,4594,
PE,PASCO,27,124,,151,1,3250,6-May,27,139,,166,,3250,"*Se registró 124 en PR (15 menos que el día anterior), se consideró el valor de ayer, porque el actual afecta el total de casos"
PE,PIURA,271,1643,,1914,184,14417,6-May,271,1643,,1914,,14417,
PE,PUNO,13,136,,149,1,6271,6-May,13,136,,149,,6271,
PE,SAN MARTIN,115,202,,317,1,7002,6-May,115,202,,317,,7002,
PE,TACNA,19,141,,160,2,6566,6-May,19,141,,160,,6566,
PE,TUMBES,75,368,,443,19,4326,6-May,75,368,,443,,4326,
PE,UCAYALI,127,949,,1076,38,5517,6-May,127,949,,1076,,5517,
PE,AMAZONAS,23,163,,186,7,"3,533",7-May,23,163,,186,,3533,
PE,ANCASH,275,"1,032",,"1,307",93,"13,150",7-May,275,1032,,1307,,13150,
PE,APURIMAC,10,80,,90,0,"4,072",7-May,10,101,,111,,4072,"*Se reportó 80 en PR, pero se consideró el valor de ayer porque el actual afecta el total de casos"
PE,AREQUIPA,256,558,,814,20,"17,382",7-May,256,558,,814,,17382,
PE,AYACUCHO,80,109,,189,0,"4,057",7-May,80,109,,189,,4057,"*Se registró 109 PR, se mantuvo el dato por no afectar el total de casos "
PE,CAJAMARCA,84,232,,316,3,"6,995",7-May,84,246,,330,,6995,"*Se registró 232 en PR, pero se consideró el valor de ayer porque el actual afecta el total de casos"
PE,CALLAO,"1,330","3,348",,"4,678",82,"19,953",7-May,1330,3348,,4678,,19953,
PE,CUSCO,85,195,,280,3,"7,486",7-May,85,195,,280,,7486,
PE,HUANCAVELICA,30,146,,176,1,"3,964",7-May,30,173,,203,,3964,"*Se registró 146 para PR, pero se consideró el valor de ayer porque el actual afecta el total de casos"
PE,HUANUCO,16,277,,293,7,"5,378",7-May,16,277,,293,,5378,
PE,ICA,276,584,,860,41,"8,194",7-May,276,584,,860,,8194,
PE,JUNIN,195,460,,655,14,"9,442",7-May,195,460,,655,,9442,
PE,LA LIBERTAD,281,925,,"1,206",67,"14,051",7-May,281,925,,1206,,14051,
PE,LAMBAYEQUE,903,"2,365",,"3,268",318,"15,779",7-May,903,2365,,3268,,15779,
PE,LIMA,"13,639","23,967",,"37,606",636,"245,989",7-May,13639,23967,,37606,,245989,
PE,LORETO,"1,308",358,,"1,666",67,"8,555",7-May,1308,358,,1666,,8555,
PE,MADRE DE DIOS,23,115,,138,1,"5,653",7-May,23,115,,138,,5653,
PE,MOQUEGUA,7,148,,155,0,"4,754",7-May,7,148,,155,,4754,
PE,PASCO,24,127,,151,1,"3,484",7-May,27,139,,166,,3484,"*Se registró 24 PCR, 127 PR, pero se consideró el valor de ayer porque el actual afecta el total de casos"
PE,PIURA,284,"1,930",,"2,214",205,"15,251",7-May,284,1930,,2214,,15251,
PE,PUNO,7,151,,158,1,"6,632",7-May,7,151,,158,,6632,"*Se registró 7 en PCR, se quedo con el valor de hoy por no afectar la serie del total de casos "
PE,SAN MARTIN,122,212,,334,1,"7,443",7-May,122,212,,334,,7443,
PE,TACNA,19,147,,166,2,"6,698",7-May,19,147,,166,,6698,
PE,TUMBES,75,376,,451,19,"4,518",7-May,75,376,,451,,4518,
PE,UCAYALI,156,"1,013",,"1,169",38,"5,607",7-May,156,1013,,1169,,5607,
PE,AMAZONAS,30,177,,207,7,3968,8-May,30,177,,207,,3968,
PE,ANCASH,286,1104,,1390,106,13701,8-May,286,1104,,1390,,13701,
PE,APURIMAC,10,82,,92,0,4202,8-May,10,82,,92,,4202,
PE,AREQUIPA,262,592,,854,20,18444,8-May,262,592,,854,,18444,
PE,AYACUCHO,89,114,,203,0,4170,8-May,89,114,,203,,4170,
PE,CAJAMARCA,88,240,,328,3,7447,8-May,88,240,,328,,7447,
PE,CALLAO,1435,3533,,4968,82,20985,8-May,1435,3533,,4968,,20985,
PE,CUSCO,88,240,,328,3,8048,8-May,88,240,,328,,8048,
PE,HUANCAVELICA,30,148,,178,1,4181,8-May,30,173,,203,,4181,*Se registró 148 pero no corresponde a una serie acumulativa
PE,HUANUCO,18,305,,323,7,5775,8-May,18,305,,323,,5775,
PE,ICA,289,595,,884,41,8666,8-May,289,595,,884,,8666,
PE,JUNIN,195,494,,689,14,9896,8-May,195,494,,689,,9896,
PE,LA LIBERTAD,287,988,,1275,66,14561,8-May,287,988,,1275,,14561,
PE,LAMBAYEQUE,903,2576,,3479,347,16577,8-May,903,2576,,3479,,16577,
PE,LIMA,14224,25613,,39837,653,261231,8-May,14224,25613,,39837,,261231,
PE,LORETO,1330,374,,1704,67,8690,8-May,1330,374,,1704,,8690,
PE,MADRE DE DIOS,22,117,,139,1,5653,8-May,22,117,,139,,5653,"*Se reporta 22 en PCR, pero no afecta el total de casos"
PE,MOQUEGUA,7,153,,160,0,5017,8-May,7,153,,160,,5017,
PE,PASCO,24,134,,158,1,3627,8-May,27,139,,166,,,"*Se registró 24 en PCR, pero no corresponde a una serie acumulativa"
PE,PIURA,312,1946,,2258,233,16040,8-May,312,1946,,2258,,16040,
PE,PUNO,9,155,,164,1,7078,8-May,9,155,,164,,7078,"*Se registró 9 en PCR, pero no afecta el total de casos"
PE,SAN MARTIN,141,253,,394,2,8026,8-May,141,253,,394,,8026,
PE,TACNA,19,147,,166,2,6831,8-May,19,147,,166,,6831,
PE,TUMBES,75,386,,461,19,4636,8-May,75,386,,461,,4636,
PE,UCAYALI,156,1052,,1208,38,5740,8-May,156,1052,,1208,,5740,